id,rs8612074,rs23909187,rs23006689,rs9150379,rs22877057,rs23278100,rs23367849,rs22928481,rs22645721,rs24543100,rs22333390,rs22161480,rs23037622,rs23617324,rs24517393,rs24514093,rs22409691,rs24471781,rs24175585,rs23001750,rs23050823,rs24373496,rs9029227,rs22491491,rs22927609,rs24489243,rs22494347,rs8666298,rs24218607,rs22488932,rs22416514,rs22350704,rs24447332,rs23410089,rs23486713,rs22582321,rs22436136,rs22691222,rs23054155,rs23126832,rs9073720,rs22659787,rs22521423,rs23245491,rs24312148,rs21972855,rs22817050,rs8747831,rs22011433,rs22767921,rs24207725,rs24401025,rs23653965,rs24617980,rs22976400,rs21962387,rs24427396,rs22128776,rs24260906,rs23966574,rs23070823,rs21906101,rs23651611
adk2706,GG,CC,AA,GG,GG,GG,AA,CC,GG,GG,GG,AA,TT,TT,AA,GG,GG,AA,TC,GG,CC,GG,CC,GG,GG,CC,TG,CC,TT,CC,AG,GG,GG,TT,TC,GG,AG,GG,GG,TA,TC,CC,AG,CC,GG,TT,TC,CC,GG,TT,CC,AG,TT,AG,TC,AG,AA,TC,CC,AA,TG,TT,CC
adk2798,GG,TC,AG,GG,TT,,AG,CC,GG,AG,GG,AG,TC,TC,AG,AG,AG,AC,TC,TG,TC,AA,TC,GG,CC,TC,TT,TC,TT,CC,AA,AG,AA,GG,CC,GG,GG,GG,CG,AA,TC,CC,AG,CC,GG,CC,TC,TC,AA,TT,CC,GG,AT,AA,TC,AA,AA,CC,CC,GG,TG,TT,TC
adk2801,AG,TT,GG,AG,,AG,AA,,AG,,AA,AA,TC,CC,AA,GG,AG,AA,TC,GG,CC,GG,CC,GG,CC,,,TC,TC,CC,AG,AG,GG,TG,CC,GG,AG,AG,GG,,TC,GC,,CC,CG,TC,TC,CC,GG,,TC,AG,AA,AG,TC,AG,AA,CC,CC,GG,TG,TT,CC
adk2833,GG,TT,AA,GG,GG,GG,AA,CC,GG,GG,GG,AG,CC,TC,AA,GG,AA,AA,TC,TG,TC,AG,TC,GG,,CC,TG,TC,TT,TC,AG,AG,AG,TG,CC,GG,AG,GG,CG,TA,TC,CC,GG,CC,CG,TC,CC,TC,GG,TT,TC,AG,AA,AG,TC,AG,AG,TC,CC,GG,TG,TT,CC
adk2845,AG,TT,AA,AG,TT,GG,AA,CC,AG,AG,AA,AA,TC,TC,AG,AG,AA,AC,TT,GG,CC,GG,TC,GG,GG,TC,TT,TC,TT,CC,GG,AG,GG,TG,CC,AG,GG,AG,CG,TA,TC,GC,GG,CC,CG,TC,CC,TT,AG,TC,CC,AA,AA,AG,TC,AA,AA,TC,CC,AA,GG,TT,CC
adk2853,AA,TT,GG,AG,TT,AG,AA,CC,AG,GG,AG,AG,TT,TC,AA,GG,GG,AA,CC,GG,CC,AG,CC,GG,GG,CC,TT,TT,TT,CC,AG,GG,AG,GG,CC,GG,GG,AG,GG,TA,CC,GC,AG,CC,CG,CC,CC,TT,AG,TT,CC,AG,AT,AG,TC,GG,AA,TC,CC,GG,TT,TT,CC
adk2868,AG,TT,GG,GG,TT,,AA,CC,GG,GG,AA,GG,TT,TT,AA,GG,AG,AA,CC,TT,CC,AG,TC,AG,CC,CC,TT,TC,TC,TC,GG,AG,AG,GG,CC,AG,GG,GG,CG,TT,CC,CC,AG,CC,CC,TC,TC,TC,AA,TT,,GG,TT,AG,TT,AA,AG,,CC,AG,GG,TG,CC
adk439,AG,TT,AG,GG,GG,GG,AA,AC,GG,GG,AG,AG,CC,TC,AA,GG,GG,AA,TC,TG,TC,AG,CC,GG,CC,CC,TT,TT,TT,CC,AG,GG,AG,TT,CC,GG,AG,GG,CG,TA,CC,CC,GG,CC,CG,CC,TC,TC,GG,TT,CC,GG,AT,AG,TC,AA,AG,CC,CC,GG,TG,TT,TC
adk483,AG,TC,AG,GG,TT,AG,AA,CC,AG,GG,AG,AA,TC,CC,AA,GG,GG,AA,TC,TG,TC,GG,CC,GG,GG,CC,TT,TC,CC,CC,GG,GG,GG,GG,TC,GG,GG,GG,CG,TT,TC,CC,AG,CC,CG,TC,TT,TT,GG,TC,TC,AA,AA,AG,CC,AG,GG,CC,TC,GG,TT,TT,CC
adk597,GG,TT,AG,AG,,GG,AA,CC,GG,AA,AG,AA,TC,TC,GG,AA,GG,CC,CC,TG,CC,AG,CC,GG,CC,TT,TT,CC,TT,CC,GG,AG,GG,TG,CC,GG,GG,AG,CG,TT,CC,GC,AG,CC,GG,TC,TC,TC,AG,TT,CC,AG,AT,GG,CC,AA,AA,TC,TT,GG,TG,TG,CC
mcz63140,,TC,AA,GG,TG,,AA,,,GG,AG,AA,CC,TC,AA,GG,GG,AA,TC,TG,,GG,TC,AG,CC,,TG,TC,TC,,AG,GG,,GG,,GG,AA,GG,CC,TT,CC,,,CC,CC,CC,TT,TT,GG,CC,TC,AA,AT,AA,TT,,,TC,CC,,TT,TT,CC
mcz63145,,,GG,GG,TG,AA,GG,AC,,GG,GG,GG,,CC,,,,CC,CC,GG,CC,GG,,GG,CC,TT,,,CC,CC,,GG,,TG,CC,GG,,GG,GG,AA,TC,CC,GG,CC,,,TT,,GG,CC,,AG,,,CC,GG,GG,CC,CC,GG,GG,,CC
mcz63343,AG,TT,AG,AG,GG,AG,AA,CC,GG,GG,AG,AG,TC,TC,AA,GG,AG,AA,TC,TG,TC,GG,CC,AG,CG,CC,TT,CC,TC,CC,AG,AG,GG,GG,TT,GG,AG,AG,CG,TA,TC,GC,AA,CG,CC,TC,TC,TT,GG,TC,,GG,TT,AG,TC,AG,AG,TT,CC,AG,TT,GG,CC
mcz63344,,TC,AG,GG,,AA,AA,AC,GG,GG,GG,AG,TC,TT,AA,GG,AA,AA,TC,GG,CC,GG,CC,AA,,CC,TG,TT,TT,TT,AA,AG,AG,GG,TC,GG,AA,GG,GG,TT,TC,GC,AG,CG,CC,TC,TT,CC,GG,TT,,AA,AT,AA,TT,GG,GG,CC,CC,GG,TG,TT,CC
mcz63683,,CC,GG,GG,TT,,GG,CC,,AG,,AA,TC,,AG,AG,AA,AC,TC,TG,TC,GG,CC,GG,CC,TC,TT,CC,TT,CC,GG,AG,GG,TG,CC,GG,GG,GG,,AA,TC,CC,AG,CG,GG,TC,TC,CC,GG,TC,TC,AA,,GG,TT,,AG,CC,TC,GG,TT,TT,TC
zm13499,AG,TC,AA,GG,GG,AG,AA,CC,AG,GG,AG,AA,TC,TT,AA,GG,GG,AA,TC,TT,TT,GG,CC,AA,CG,CC,TG,TC,TC,TC,GG,GG,GG,TT,TC,AG,GG,GG,CC,TA,CC,CC,GG,CC,GG,TC,TT,TT,AA,TT,,AA,AT,AA,TT,AG,GG,,CC,AG,TG,TT,CC
zm13514,,TT,GG,GG,TT,AA,AA,CC,AG,GG,AA,AG,TC,TC,AA,GG,,AA,CC,GG,CC,GG,TT,GG,CC,CC,TT,CC,TC,TC,AG,AG,GG,TT,CC,AA,GG,GG,GG,TT,CC,CC,GG,CC,,CC,TC,TC,GG,TC,CC,AG,AA,AG,TT,AG,,TC,CC,AG,TT,GG,TC
zm13580,AG,TT,GG,AG,GG,GG,AA,CC,GG,GG,AG,AA,CC,TC,AA,GG,GG,AA,CC,GG,CC,GG,CC,GG,CC,CC,TT,CC,CC,CC,GG,GG,GG,TT,TC,AG,GG,AG,GG,TT,TC,GC,AA,CG,CG,CC,TC,TC,GG,TC,CC,AG,AT,AA,TT,AG,GG,TC,TC,GG,TT,TT,CC
zm13615,AG,TT,GG,GG,,,AA,CC,AG,GG,GG,AG,TC,CC,AA,GG,GG,AA,TT,GG,CC,GG,,GG,CC,CC,TT,TT,TT,CC,GG,AG,GG,TG,CC,AG,GG,GG,GG,TT,CC,GC,AA,CC,CG,TC,,TC,GG,TT,,AA,,GG,TC,,,CC,TC,GG,TG,TT,CC
zm13616,AG,TT,GG,GG,TT,GG,AG,CC,AG,GG,AA,AA,TC,TT,AA,GG,AA,AA,TT,GG,CC,GG,CC,AG,CG,CC,TG,CC,TC,TC,GG,GG,GG,TG,TC,GG,GG,GG,,TA,TC,CC,AG,CG,GG,CC,TC,CC,AG,TT,TC,AG,AT,GG,TT,AA,AG,TT,CC,AG,TT,TT,CC
zm13642,,TT,AA,,TG,AG,AG,AC,,,AA,AG,CC,,AA,GG,,AA,,,TT,GG,TC,,CC,,TG,CC,TT,TT,AA,GG,GG,TG,,GG,AG,,CC,AA,CC,GC,,CC,,,TT,,,TC,TC,AG,,,,,,CC,TC,AG,TT,TT,TC
zm13657,AA,,AG,,TG,AG,AA,AC,GG,,GG,GG,,,AA,GG,GG,AA,CC,,,GG,TC,GG,CC,CC,TG,TC,TC,CC,,,AG,TG,,AG,,GG,CG,,TC,CC,,CC,,CC,CC,TC,AA,,TC,GG,AT,AA,,,AA,TC,CC,,TT,TT,CC
zm13971,,TT,AG,GG,TT,AG,AA,AC,AG,,AA,GG,TC,CC,AA,GG,GG,AA,CC,TG,,GG,CC,GG,,CC,TG,TC,TT,CC,AG,,AG,TT,CC,GG,GG,GG,CG,TT,,CC,,CG,,TT,TT,CC,GG,,TC,AG,,AG,,,AA,TC,CC,GG,TG,TT,CC
zm13979,AA,TT,AG,GG,GG,GG,AA,AC,AG,GG,AG,AA,TC,TC,AA,GG,GG,AA,TC,TG,TT,GG,,GG,,CC,TT,TC,,CC,AG,GG,,GG,TT,AA,,GG,CG,TA,CC,CC,GG,CC,,CC,,,AG,TC,TC,,,AA,,AA,GG,CC,CC,AG,TT,TT,CC
zm13982,GG,TT,AG,GG,TT,AG,AA,,GG,GG,,GG,TC,TC,AA,GG,AG,AA,TT,TG,TC,GG,CC,GG,,CC,TT,CC,TT,CC,GG,GG,AG,TG,CC,GG,GG,GG,CG,TA,TC,CC,,CC,CG,TT,,TC,GG,,CC,AG,,AA,TC,AA,GG,,CC,AG,TG,TT,CC
zm13984,AG,TC,AG,GG,GG,GG,AG,CC,AG,GG,AG,GG,TC,TC,AA,GG,GG,AA,TC,GG,CC,AG,CC,GG,CG,CC,TT,TC,TT,CC,AG,AG,AG,TG,CC,GG,AG,GG,GG,,CC,CC,AG,CC,CG,TT,TC,CC,GG,TT,CC,AG,AT,AA,TC,AG,AG,TC,TC,AG,TT,TG,CC
zm13986,AG,TT,GG,GG,TT,GG,GG,CC,AG,AG,AG,AA,TT,TT,AG,AG,GG,AC,CC,TG,TC,GG,CC,GG,CG,TC,TG,CC,CC,CC,GG,GG,AG,GG,CC,GG,GG,GG,CG,TT,CC,CC,GG,CC,CG,CC,TC,TT,GG,TT,CC,AG,AT,AG,TT,AG,AG,TT,CC,AG,TG,TT,CC
zm14206,AG,TC,GG,GG,TT,GG,AA,CC,GG,GG,AG,AA,TC,CC,AA,GG,GG,AA,CC,GG,CC,GG,CC,AG,GG,CC,GG,CC,TC,TC,GG,GG,AG,TT,CC,GG,GG,GG,GG,AA,CC,GC,AG,CC,CG,CC,TC,CC,GG,TT,CC,AG,AA,AA,CC,GG,AG,TT,CC,GG,TT,TT,TT
zm14207,,,,,TG,AG,AA,AC,,,,AA,TC,,AG,AA,AA,AC,CC,TG,,AG,TC,AG,CG,TC,TT,,TC,TT,AG,AG,,TT,,GG,,GG,CG,TA,CC,GC,,CC,CG,CC,TC,TT,,,CC,,,GG,,,AA,TC,CC,,TG,,TC
zm14276,AG,CC,AA,AG,GG,AA,AG,AC,AA,AA,GG,GG,CC,TC,GG,AA,AA,CC,TC,TT,TC,AG,CC,AG,CC,TT,GG,TC,CC,TC,AA,AG,AA,TG,TC,AG,AA,AG,CC,,TC,GC,AG,CG,CC,CC,TC,TT,AG,CC,CC,AG,AA,AA,TT,GG,AA,TT,TC,AA,TT,TG,TT
zm14487,,,,GG,TG,AA,AG,,GG,AG,GG,,TC,TT,,AG,,AC,TC,,,AG,TC,,CC,TT,,CC,TC,CC,GG,,GG,TG,,GG,GG,GG,CG,,CC,CC,AA,CC,CG,CC,TT,TT,GG,,,AG,AT,AA,TT,,GG,CC,CC,GG,GG,TT,TT
zm14503,GG,TC,AG,GG,TG,GG,AA,AC,GG,GG,AA,AG,TT,TC,AA,GG,AG,AA,TC,GG,CC,AA,CC,GG,GG,CC,TG,CC,TC,CC,GG,AG,GG,GG,TC,GG,GG,GG,GG,AA,CC,CC,GG,CC,CC,CC,,TC,GG,,TC,,,AA,TT,AA,AG,CC,CC,GG,TG,TT,CC
zm14595,GG,TT,AG,GG,TT,AG,AG,CC,AG,GG,AA,AA,TT,TC,AA,GG,GG,AA,TT,TG,CC,GG,CC,GG,CC,CC,TG,TC,TC,CC,AG,,GG,TG,CC,GG,GG,GG,CG,TA,CC,CC,AG,CC,CG,TC,TC,TT,AG,TC,TC,AG,AA,AA,TC,AG,GG,TC,CC,GG,TG,TT,CC
zm14623,AA,TT,AA,AA,TT,AG,AA,AA,AG,GG,AA,AA,CC,TC,AA,GG,GG,AA,TC,TT,TT,GG,CC,AG,CC,,TG,CC,TC,TC,AA,GG,GG,TT,TT,AG,AG,AA,CC,AA,CC,GG,GG,CC,CC,TT,TC,TT,GG,TT,TC,AG,,AA,TC,AG,GG,CC,TC,AG,TT,TT,CC
zm14624,GG,TT,AG,GG,,,AA,,AG,GG,GG,AA,TT,TC,AA,GG,AG,AA,TT,TG,TC,AG,CC,AG,CC,,TT,CC,CC,TC,AG,AA,AA,TT,CC,GG,GG,GG,CG,TA,CC,CC,AG,CC,CG,CC,TT,CC,AA,TC,TC,AG,AA,AG,TT,AA,AG,CC,CC,AG,TG,TG,TC
zm14627,,TC,AG,AG,GG,AG,AA,CC,GG,AG,GG,AA,TT,TC,AG,AG,GG,AC,TC,TG,TC,GG,CC,AG,CC,,TG,CC,TT,TC,AG,AA,GG,TT,CC,AG,AG,AG,CG,TT,CC,GC,GG,CC,GG,CC,TC,TT,AA,TT,,AG,,GG,CC,AA,AG,TC,CC,GG,TT,TT,CC
zm14633,AG,TT,GG,GG,GG,GG,GG,AC,GG,GG,AA,AA,TT,TT,AA,GG,AA,AA,CC,GG,CC,GG,CC,GG,CC,CC,GG,CC,TT,CC,AG,AG,GG,TG,CC,GG,AG,GG,GG,TT,CC,CC,GG,CC,GG,CC,TT,TT,AA,TC,CC,GG,AT,AG,CC,GG,GG,TC,CC,GG,TG,TG,TC
zm14634,AA,TC,GG,AG,TT,GG,AG,CC,AG,GG,GG,AA,CC,CC,AA,GG,AG,AA,TC,GG,CC,GG,CC,GG,CC,CC,TG,TC,TC,TC,GG,AG,GG,TT,CC,GG,GG,AG,GG,TA,TC,GC,GG,CC,GG,TC,CC,TC,AG,CC,TC,AG,AA,AA,TT,AG,AG,TT,CC,GG,GG,TG,CC
zm14636,AG,TT,AG,GG,GG,GG,AG,CC,AG,GG,AG,AA,TC,TC,AA,GG,GG,AA,CC,TG,TC,GG,CC,AG,GG,CC,TT,CC,TT,CC,AA,AG,GG,GG,CC,AG,AG,GG,CG,TT,CC,CC,,CC,CG,TC,TC,CC,GG,TT,CC,AG,AA,AA,TC,GG,GG,TC,CC,GG,TG,TT,TC
zm14638,AA,TT,AG,GG,TT,AG,AA,CC,GG,GG,GG,AA,CC,CC,AA,GG,AG,AA,TC,GG,CC,GG,CC,AG,CC,CC,GG,CC,TC,CC,AG,GG,GG,TG,TC,GG,AG,GG,GG,TT,CC,CC,GG,CC,CG,CC,TC,CC,AG,TT,CC,GG,AA,GG,CC,AA,AA,TT,CC,AG,TT,TT,CC
zm14639,AG,TT,AG,GG,GG,AG,AA,CC,GG,GG,AG,AG,CC,TT,AA,GG,AG,AA,CC,TG,TC,GG,CC,GG,,CC,TT,TC,TT,CC,AG,AG,GG,GG,CC,GG,GG,GG,CG,TA,TT,CC,AG,CG,CC,TC,CC,TC,AG,TT,CC,AA,TT,AA,TC,AG,AG,CC,TC,GG,TG,TT,CC
zm14640,AG,TT,AG,GG,TT,GG,AA,CC,GG,GG,AG,AA,TT,CC,AA,GG,AG,AA,CC,GG,CC,AA,CC,GG,,CC,TT,CC,TT,TC,GG,GG,GG,GG,CC,GG,GG,GG,GG,,TC,CC,AG,CC,CC,CC,TC,TC,AG,TT,CC,AA,AA,AA,TC,,AG,TC,CC,GG,TG,TG,CC
zm14663,,TT,AG,GG,GG,GG,AG,CC,GG,GG,AG,AG,TC,TT,AA,GG,AG,AA,CC,GG,CC,GG,CC,GG,CG,CC,TT,CC,TT,TC,AG,GG,GG,TG,CC,GG,AG,GG,GG,,CC,CC,AG,CC,GG,TC,CC,TT,AG,TC,CC,GG,TT,AG,TC,GG,AA,TC,CC,GG,TG,TT,CC
zm14665,AG,TT,GG,AA,TT,GG,AA,AC,GG,GG,AA,AA,CC,TC,AA,GG,GG,AA,CC,GG,CC,GG,CC,GG,CC,CC,TT,CC,TC,CC,AG,GG,GG,GG,CC,GG,AG,AA,GG,TT,CC,GG,AG,CC,GG,TC,TC,TC,AG,TC,CC,AG,AT,AA,CC,AG,AA,CC,CC,GG,TG,TG,TC
zm14666,AG,TC,GG,GG,TT,AG,AA,AC,GG,GG,AA,AG,CC,TT,AA,GG,AA,AA,TC,GG,CC,AG,CC,AG,CC,CC,TT,CC,TT,TC,GG,AG,GG,TG,TC,GG,GG,GG,GG,TT,TC,CC,GG,CG,GG,CC,,CC,AA,TC,CC,AA,AT,AG,TC,AA,AA,CC,CC,GG,TG,TG,CC
zm14667,AA,TT,GG,GG,TT,,AA,AC,GG,AG,AA,AA,TT,TC,AG,AG,AG,AC,CC,TG,CC,GG,CC,GG,CG,TC,TG,CC,TT,CC,GG,GG,AG,GG,TC,GG,GG,GG,GG,TT,CC,CC,GG,CC,CG,TC,CC,CC,AG,TT,CC,GG,AA,AG,TC,AG,GG,TC,CC,AG,TT,TT,CC
zm14671,AA,TT,GG,GG,TT,AA,AA,AC,GG,GG,AA,AG,TC,TC,AA,GG,AA,AA,CC,TG,TC,AG,CC,GG,CG,CC,TG,CC,TC,CC,AG,AA,GG,TG,CC,GG,GG,GG,CG,TT,CC,CC,GG,CG,GG,TC,TT,TC,GG,TT,CC,AA,TT,GG,CC,GG,AG,,TC,GG,TG,TG,CC
zm14672,GG,CC,AG,GG,GG,AG,AA,CC,GG,GG,GG,AA,CC,TC,AA,GG,,AA,TC,GG,TC,GG,CC,GG,GG,CC,TT,CC,TT,CC,GG,GG,GG,TG,TC,GG,GG,GG,GG,TA,TC,CC,GG,CC,GG,TC,CC,TC,AG,TT,CC,AG,AT,AG,TC,AG,AG,CC,TC,AG,TG,TG,CC
zm14673,AA,TT,GG,GG,GG,GG,AA,AC,AG,GG,AA,AA,TC,TC,AA,GG,GG,AA,CC,GG,CC,GG,CC,GG,CG,CC,TG,CC,TT,CC,AG,GG,GG,TG,CC,GG,AG,GG,GG,TT,CC,CC,AG,CG,CG,TC,TC,TC,AA,TC,CC,AA,TT,AA,TT,GG,GG,,CC,GG,TT,TT,CC
zm14674,AA,TT,AG,AG,GG,GG,AG,AC,AG,GG,AA,AG,TC,TT,AA,GG,AG,AA,CC,TG,TC,GG,TC,AG,CG,CC,TT,TC,TT,TC,AG,GG,GG,GG,CC,AG,GG,AG,GG,TT,CC,GC,GG,CC,GG,TT,CC,TT,AG,TC,TC,GG,AT,AG,TC,AG,AA,CC,CC,GG,TG,TG,CC
zm14700,AA,TT,AG,AG,TT,GG,AA,AC,AA,AG,AA,AA,TC,TT,AG,AG,GG,AC,CC,TG,CC,AG,CC,AG,CC,TC,GG,CC,TT,TC,GG,GG,GG,TG,CC,GG,GG,AG,CG,TT,CC,GC,GG,CC,GG,CC,CC,TC,AG,TT,CC,AA,AA,AG,CC,AG,AG,TC,CC,GG,GG,TG,CC
zm14701,AG,TT,AA,GG,TT,GG,AG,CC,AG,GG,AG,GG,TC,TC,AA,GG,AA,AA,TC,TG,TC,GG,CC,GG,CC,CC,TT,TC,TT,CC,AG,AG,GG,TG,CC,GG,GG,GG,CG,AA,TC,CC,GG,CC,CG,TC,TC,CC,AG,TC,CC,AG,AA,AA,TC,AG,AG,CC,CC,GG,TT,TT,TC
zm14702,GG,TC,AA,GG,GG,GG,AA,CC,GG,GG,AG,GG,TC,TT,AA,GG,AA,AA,TC,TT,TT,GG,TC,GG,CG,CC,TT,TC,TC,CC,AG,GG,GG,TG,CC,GG,AG,GG,CC,TT,CC,CC,GG,CC,CG,TC,CC,TC,GG,TT,CC,AG,AT,AG,TT,AG,GG,TT,CC,AG,TG,TT,TC
zm14704,AG,TC,GG,AG,,AG,AG,CC,AG,GG,AG,AA,TC,TC,AA,GG,AG,AA,TC,GG,CC,GG,CC,GG,CG,CC,TT,TC,CC,CC,AA,AG,GG,GG,CC,AG,AA,AG,GG,TA,TC,GC,AA,CG,GG,CC,,TC,GG,TC,CC,AG,AT,AG,TC,,AA,TT,CC,GG,TT,TG,CC
zm14705,,TT,AA,GG,TT,AG,AG,AC,GG,AG,AG,AA,TT,TC,AG,AG,AA,AC,CC,GG,CC,GG,TT,GG,CC,TC,TT,TT,TC,CC,GG,AG,GG,TT,TC,AG,GG,GG,CG,TA,TC,CC,GG,CG,CC,CC,TT,TT,GG,TT,TC,AG,AT,AA,TT,AG,GG,TT,CC,AG,TG,TG,CC
zm14706,AG,TT,AA,GG,GG,AA,AA,AC,GG,GG,GG,AG,TC,TC,AA,GG,AA,AA,CC,GG,CC,GG,TT,AG,CC,CC,GG,CC,TT,CC,GG,GG,GG,GG,TC,GG,GG,GG,,TT,TT,CC,AA,CG,GG,CC,TC,TT,AG,TC,CC,AG,AA,GG,CC,GG,GG,TC,CC,GG,TT,TT,CC
zm14754,,,GG,,TG,AA,,AC,,,AG,AA,,,AA,,,CC,CC,,CC,GG,,GG,CC,,TG,,TC,,GG,AG,GG,TG,,,GG,GG,,AA,TC,CC,,CC,,CC,TT,TT,,,,,,,,AA,,CC,TC,GG,,,CC
zm14769,AG,TT,GG,GG,TT,AG,AA,CC,AG,GG,AA,AG,TC,CC,AA,GG,GG,AA,CC,TG,CC,AG,CC,AG,,CC,GG,CC,TT,CC,AA,GG,AG,TG,CC,GG,AA,GG,,TT,TC,CC,AG,CC,GG,CC,CC,TT,AA,TT,CC,AG,AA,AG,CC,GG,AA,TC,CC,AG,GG,TG,CC
zm14781,AG,TC,GG,GG,GG,GG,AA,CC,AG,GG,GG,AG,TT,TC,AA,GG,AA,AA,CC,GG,CC,GG,CC,GG,CG,CC,TT,CC,TT,CC,GG,AG,GG,TG,CC,GG,GG,GG,GG,TA,TT,CC,AA,CG,CC,TC,CC,TC,GG,TC,CC,AG,AA,AA,TC,GG,AG,TC,TC,GG,TT,TT,CC
zm14782,GG,TT,AG,GG,TT,AA,AA,CC,AG,GG,AA,AG,TT,TC,AA,GG,GG,AA,TC,TG,TC,GG,CC,AG,GG,CC,TT,CC,TC,CC,GG,GG,AG,TT,CC,GG,GG,GG,CG,AA,CC,CC,AG,CC,CG,CC,TC,TT,AG,TC,TC,AG,AT,AG,TT,AA,AG,TC,CC,AG,TT,GG,CC
zm14801,AA,TC,AG,AA,GG,AG,AA,AC,AG,GG,AG,AG,TC,CC,AA,GG,AA,AA,TC,TG,TC,GG,CC,GG,,CC,TT,TC,TT,CC,GG,GG,GG,TT,CC,GG,GG,AA,CG,TA,CC,GG,AA,CC,CG,TC,CC,CC,GG,TT,CC,AA,AA,AG,TC,AG,AG,CC,CC,GG,TG,TG,TC
zm14807,GG,TT,AG,AG,TT,AG,AA,CC,GG,GG,AG,GG,TT,CC,AA,GG,AA,AA,CC,TG,CC,AG,CC,GG,CC,CC,TG,TC,TT,CC,GG,AA,AG,TG,CC,AA,GG,AG,CG,TT,CC,GC,GG,CG,CG,CC,CC,TC,GG,TT,CC,AG,AA,GG,TC,AG,AA,TT,TC,AG,TG,TT,TC
zm14817,AG,TC,AG,AG,TT,AG,AA,CC,AG,GG,AG,AA,CC,TT,AA,GG,GG,AA,CC,TG,TC,GG,TT,AG,GG,CC,TT,CC,TC,TC,GG,GG,GG,GG,TC,GG,GG,AG,CG,TA,TC,GC,AG,CC,CC,TT,TC,TT,AG,TC,CC,GG,AT,AA,TC,AA,AG,TC,CC,GG,TT,TT,CC
zm14818,AA,TT,GG,GG,GG,GG,AA,CC,AA,AG,AG,AG,TT,TC,AG,AG,GG,AC,CC,GG,CC,AG,CC,AG,GG,TC,TT,TC,TC,TC,AG,GG,GG,GG,CC,AG,GG,GG,,TT,TC,CC,GG,CC,CG,TT,TC,TC,GG,TC,CC,AG,AA,AA,TC,AG,GG,TC,CC,GG,TT,TT,CC
zm14819,AG,TC,GG,AG,GG,GG,AA,CC,AG,GG,GG,AG,TC,TC,AA,GG,GG,AA,CC,GG,CC,GG,TC,AG,GG,CC,TT,CC,TC,TC,GG,GG,GG,GG,CC,GG,GG,AG,,TA,TC,GC,AG,CC,CG,TC,TC,TT,AG,TC,CC,AG,AT,AA,TC,AG,AG,TT,CC,GG,TT,TG,TC
zm14820,GG,TC,AG,GG,TT,AA,AA,AC,AG,GG,GG,AA,TC,TC,AA,GG,GG,AA,CC,GG,CC,GG,TT,AG,GG,CC,TT,CC,TT,TC,AG,GG,GG,TT,TC,AG,AG,GG,CG,TA,TC,CC,AG,CC,CG,TC,TC,TT,GG,TC,CC,AG,AT,AG,TT,AG,AG,TT,CC,AA,TG,TT,TT
zm14823,GG,TC,GG,GG,GG,GG,AA,CC,GG,GG,AA,GG,TT,CC,AA,GG,AG,AA,TC,GG,CC,GG,CC,GG,CC,CC,TG,TC,TT,CC,GG,GG,AG,TG,CC,GG,GG,GG,GG,TT,CC,CC,GG,CG,CG,TC,CC,TT,GG,TT,TC,AG,AA,GG,TT,AA,AG,TT,TC,AG,TT,TT,TC
zm14827,AG,TT,AG,AA,TT,AG,AG,CC,AG,GG,AG,AG,TT,TT,AA,GG,GG,AA,TC,GG,CC,GG,TT,GG,GG,CC,TT,TT,TC,CC,AG,GG,GG,TT,TC,AG,GG,AA,,TA,CC,GG,AG,CC,GG,CC,TT,TT,AG,TT,CC,GG,TT,AA,TC,AG,AG,TC,CC,AG,GG,TT,TC
zm14981,AG,TT,GG,GG,GG,AG,AA,CC,GG,GG,AG,AA,TC,CC,AA,GG,AG,AA,TT,GG,CC,GG,CC,GG,CG,CC,TT,TC,TC,CC,GG,AG,GG,GG,CC,GG,GG,GG,CG,TT,TC,CC,AG,CG,CG,TC,CC,CC,GG,TT,CC,AG,AA,AA,CC,GG,GG,TC,TT,GG,TT,TT,CC
zm15077,GG,TC,AG,GG,GG,,AA,AC,AG,GG,AA,AA,CC,CC,AA,GG,AA,AA,CC,TG,TC,AG,TC,AG,CG,CC,TT,CC,TT,CC,AA,GG,AG,GG,CC,AG,AG,GG,CG,TT,CC,CC,AG,CC,CG,CC,TC,TC,AG,TC,CC,AA,AA,AG,TC,AA,AG,TC,TC,GG,TT,TG,TC
zm15083,GG,CC,AA,AA,GG,AA,AG,AA,AA,AA,GG,GG,CC,CC,GG,AA,AG,CC,TT,TT,TT,AA,TC,AA,CC,TT,,TT,CC,TT,AA,,AA,TT,TT,AA,AA,AA,CC,AA,TT,,,CC,GG,TC,TT,TC,,TT,,AA,AA,AA,CC,AG,AA,TT,TT,AG,GG,TT,TC
zm15120,,,AA,,TG,AG,,AC,,GG,AA,GG,,CC,AA,GG,AA,,TT,TG,,AG,TC,,CC,CC,,,CC,CC,AG,AG,,TT,,AG,GG,,CG,TA,TC,,,CC,CG,,TT,,,,,AA,,AG,TC,,AA,TC,TT,,,GG,CC
zm15124,AG,TT,GG,AG,GG,AG,AA,,AA,,AA,,TC,TC,AA,GG,AA,AC,TC,GG,CC,GG,CC,,CC,CC,,TT,TC,,GG,AG,GG,TT,TC,GG,GG,AG,GG,TT,CC,GC,AG,CG,,,TC,TT,GG,TC,TC,AG,AT,AG,TC,GG,AG,TC,CC,AG,TG,TT,CC
zm15126,GG,TC,GG,GG,GG,AG,AA,CC,GG,GG,AG,GG,TT,TC,AA,GG,AA,AA,CC,GG,CC,AG,CC,AG,GG,CC,TG,TT,CC,TC,GG,GG,GG,TG,CC,AG,GG,GG,GG,TA,TC,CC,GG,CC,CG,CC,CC,TT,AA,TT,CC,AA,AA,AG,CC,AA,GG,TC,CC,GG,TG,TT,TC
zm15130,AA,TC,AA,AG,GG,GG,AA,CC,AG,AG,AA,AG,TC,CC,AG,AG,GG,AA,CC,TT,TT,AA,CC,GG,,TC,TT,CC,CC,CC,GG,GG,AG,TG,CC,GG,GG,AG,CC,TT,CC,GC,AG,CC,CC,TC,TC,TC,AG,TC,CC,GG,AA,AG,TC,AA,GG,TC,CC,GG,TG,TT,CC
zm15131,AA,TC,GG,GG,GG,AA,AA,,AA,,AG,AA,,TC,AA,GG,GG,AA,TC,GG,CC,GG,,GG,CC,TC,,CC,TT,CC,AG,,GG,GG,,,AG,GG,GG,TT,CC,CC,AA,CC,GG,CC,TT,,GG,TC,TT,AA,TT,AA,,,AG,TC,CC,AG,TG,TG,TC
zm15132,GG,TT,GG,AG,TT,AG,AA,CC,GG,GG,AA,AA,TC,TT,AA,GG,,AA,CC,GG,CC,GG,CC,GG,GG,CC,TG,CC,TC,CC,GG,GG,GG,TT,TC,AG,GG,AG,GG,TT,TC,GC,AG,CG,GG,CC,TC,TT,AG,TC,CC,AG,AT,GG,CC,AG,GG,TC,CC,AG,TG,TT,CC
zm15135,,TC,AG,GG,GG,AG,GG,CC,GG,GG,GG,AG,TT,TC,AA,GG,GG,AA,TC,GG,CC,AG,TC,GG,CG,CC,TT,CC,TT,CC,GG,AG,GG,TG,TT,AG,GG,GG,CG,AA,TC,CC,AG,CG,CC,TC,CC,CC,GG,TT,CC,AA,,AA,TC,,AG,CC,TC,AG,GG,TT,CC
zm15136,GG,TT,AA,AG,TT,AG,AG,CC,AG,AA,AG,AA,TC,TC,GG,AA,GG,CC,TC,TT,TT,GG,CC,GG,GG,TT,TG,TC,TT,CC,GG,GG,AG,TG,TC,GG,GG,AG,CC,TA,TC,GC,AG,CC,CG,CC,CC,TT,AG,TT,CC,AG,AA,AG,TC,AG,AG,CC,TC,GG,TG,TG,CC
zm15139,GG,TC,AG,AG,GG,AA,AA,CC,GG,AA,GG,AG,TC,TC,GG,AA,GG,CC,CC,TG,TC,GG,TT,GG,,TT,TG,TC,TT,CC,GG,GG,GG,TG,TC,GG,GG,AG,CG,TA,TC,GC,AG,CC,GG,TC,CC,CC,GG,TT,CC,AG,AT,AG,CC,AG,AG,CC,CC,AG,TT,TT,TC
zm15142,AG,TC,AG,AG,GG,AA,AA,AC,AG,GG,AA,AG,TT,CC,AA,GG,,AA,TT,GG,CC,GG,,GG,CC,,TT,TC,TC,CC,GG,GG,AG,GG,CC,GG,,GG,CG,TA,CC,,AA,CC,CG,CC,TT,TT,AG,TT,,,,AG,CC,AG,GG,TC,CC,,TG,TG,TC
zm15143,GG,TC,AG,GG,GG,,AA,AC,AA,AG,AA,AG,TT,TC,AG,AG,GG,AC,TT,GG,CC,GG,CC,AG,CC,TC,TT,TT,TT,TC,AG,AG,GG,TT,,GG,AG,GG,GG,AA,TT,GC,AA,CG,CG,TT,TC,TT,GG,TT,TT,AG,TT,AG,TC,,AA,,TC,AG,TG,TG,CC
zm15144,GG,TC,AG,GG,,AA,AA,,GG,GG,AA,AG,TC,TC,AA,GG,GG,AA,TT,,TC,AG,,GG,CC,,TG,TC,TC,CC,GG,AG,,TG,CC,GG,GG,GG,CG,TA,CC,GC,AA,CC,CG,TT,,TC,GG,TT,,AG,AA,AG,CC,AA,AG,TT,CC,AG,TG,TT,TC
zm15145,GG,TC,AG,GG,TT,,AA,,AG,GG,AG,AG,TT,TC,AA,GG,AA,AA,CC,TG,CC,GG,,GG,CC,,TG,TT,TC,CC,AG,AG,GG,TG,CC,GG,AG,GG,CC,TA,TC,GC,AA,CC,CG,TC,TT,CC,GG,,TC,AA,AT,AG,TT,,AA,TT,CC,GG,TT,TT,CC
zm15146,GG,TT,AG,AG,GG,,AA,CC,AG,GG,AA,AA,TT,TC,AA,GG,GG,AA,TT,GG,CC,GG,CC,GG,CG,CC,TG,CC,TT,CC,AG,GG,GG,TG,CC,GG,AG,AG,GG,TT,CC,GC,AG,CC,CG,TC,TT,TT,AG,TT,,GG,AT,GG,CC,GG,AA,TC,TT,GG,TG,TT,CC
zm15147,,,AG,GG,TG,AA,AA,AC,AA,GG,AA,AG,TC,,,GG,,AA,,,,,TC,AG,CC,CC,TG,,,,AG,GG,,GG,CC,GG,GG,GG,CG,,TC,CC,,CC,GG,,TC,,,,,,TT,,,,,TC,CC,GG,TT,GG,
zm15149,AA,TC,GG,GG,TT,GG,AA,CC,GG,GG,AA,AA,TT,TC,AA,GG,AG,AA,CC,GG,CC,GG,CC,GG,CC,CC,TT,CC,TT,CC,AA,GG,GG,GG,CC,GG,AA,GG,GG,,CC,CC,GG,CC,GG,CC,,TC,GG,TT,,AA,AA,AG,CC,AA,AA,CC,TC,GG,TT,TG,CC
zm15151,,TT,GG,AG,GG,AA,AA,,GG,GG,AA,,CC,TC,AA,GG,AA,AA,TT,GG,CC,GG,,,CC,,,TC,TT,CC,GG,GG,GG,GG,CC,GG,GG,AG,GG,AA,CC,GG,GG,,,CC,TT,,AA,TT,TT,,AA,AG,,,AA,TC,TC,AG,TG,TT,CC
zm15171,GG,TT,AG,GG,TT,GG,AA,CC,AA,AG,GG,AG,TT,TC,AG,AG,AG,AC,CC,GG,CC,GG,TC,GG,CG,TC,TG,CC,TT,CC,GG,GG,GG,TG,TC,GG,GG,GG,CG,TT,TC,CC,GG,CC,GG,TT,TT,TC,AG,TT,CC,AG,AT,AA,TC,,AG,CC,CC,GG,TG,TG,CC
zm15172,AG,TC,AG,AG,GG,AG,AA,CC,GG,GG,AG,AA,TC,TC,AA,GG,AG,AA,CC,TG,TC,GG,TC,GG,CC,CC,TT,TC,TC,TC,GG,AG,GG,GG,CC,GG,GG,AG,CG,AA,CC,GC,,CC,CG,CC,TC,TT,GG,TT,CC,AA,AA,AG,CC,AA,AA,,CC,AG,TT,TT,TT
zm15173,AA,TT,AG,AG,GG,GG,AA,AC,AG,AG,AG,AA,TT,TT,AG,AG,GG,AC,CC,GG,CC,AG,CC,GG,GG,TC,TG,TC,TT,CC,AG,GG,GG,GG,TC,GG,GG,AG,GG,TA,CC,GC,AG,CC,GG,TC,TC,TC,GG,CC,CC,AG,AT,AG,TT,GG,AG,TC,CC,GG,TG,TT,CC
zm15180,GG,TT,GG,AA,GG,AG,AA,CC,GG,GG,GG,AG,TT,CC,AA,GG,AA,AA,CC,GG,CC,AA,CC,GG,GG,CC,TG,TC,TT,CC,AG,AA,AA,TG,CC,AG,AG,AA,GG,TA,TC,GG,GG,CG,GG,TC,CC,TC,AG,TT,CC,GG,AA,AG,TC,AG,AA,TT,TC,AG,TT,TT,TC
zm15194,GG,TC,AG,AG,GG,GG,AA,AC,GG,GG,AA,AG,TC,TC,AA,GG,GG,AA,TC,GG,CC,GG,CC,GG,CC,CC,TG,CC,TC,CC,AA,GG,GG,GG,CC,GG,GG,AG,CG,TA,TC,GC,GG,CG,CG,CC,TT,TC,GG,TT,CC,AA,AT,GG,CC,GG,AG,TT,CC,GG,TT,TT,TC
zm15197,AG,TC,AG,AG,GG,GG,AA,CC,GG,GG,AA,GG,TC,TC,AA,GG,GG,AA,TT,TG,TC,GG,CC,AG,GG,CC,TG,TC,TC,CC,AG,GG,AG,TG,CC,GG,GG,AG,CG,AA,CC,GC,GG,CG,CG,CC,CC,TT,GG,TT,TC,AG,AA,AG,TT,AA,AG,TT,TC,GG,TG,TT,CC
zm15198,AA,TT,AA,GG,TG,GG,AA,CC,,AG,AA,AA,TC,,AA,,AA,AA,,TG,,AA,TC,GG,CC,TC,TG,TC,TT,CC,,GG,,TG,CC,,,GG,CC,TA,TC,GC,,CC,,CC,,TT,AG,,,GG,AT,,TC,GG,AG,TC,TC,,TG,TG,CC
zm15199,AG,TC,AG,AA,GG,GG,AG,CC,AG,AA,AG,AA,TT,TC,GG,AA,AG,CC,TC,TG,TC,GG,TT,GG,CC,TT,TG,TT,TC,CC,AG,AA,AG,GG,CC,AG,AG,AA,CG,TA,TT,GG,AG,CC,CG,CC,CC,TC,GG,TC,CC,AA,AT,AG,TC,AG,AG,TC,CC,GG,TT,TG,TC
zm15285,GG,TT,AG,GG,TT,GG,AG,CC,GG,AG,AG,GG,TT,CC,AG,AG,GG,AC,CC,TG,TC,AG,TC,GG,GG,TC,TT,CC,TC,CC,AG,GG,AG,TG,TC,GG,AG,GG,CG,TA,TC,CC,AG,CC,CG,CC,TC,TC,GG,TT,CC,AG,AA,AG,CC,GG,AG,TC,CC,AG,TT,TT,TC
zm15286,,TC,AG,AA,,AG,AA,AC,GG,AG,AA,AA,,TC,AA,GG,GG,AA,TC,GG,CC,GG,,AG,CC,TC,,CC,TT,,GG,GG,,GG,CC,GG,,AG,GG,TA,TC,GC,,,CG,TC,TT,CC,AG,TT,,AA,AT,AA,CC,,GG,TT,CC,GG,TT,TT,TC
zm15287,GG,TT,GG,,TT,AA,GG,AC,GG,GG,AG,AA,TT,TT,AA,GG,GG,AA,CC,GG,CC,GG,,GG,CC,,,CC,TT,CC,GG,GG,GG,TT,CC,GG,GG,AG,GG,TT,TC,GC,GG,CC,CG,TT,,TC,AG,TT,,GG,AA,AA,CC,,GG,TC,CC,GG,GG,TT,CC
zm15292,,TT,GG,AG,TT,AG,AA,CC,GG,AG,GG,AG,TC,TT,AG,AG,AG,AC,CC,TG,CC,AG,TC,GG,,TC,TG,CC,TC,CC,AG,GG,AA,TG,CC,AG,GG,AG,GG,TA,TC,GC,AA,CC,GG,TC,TC,TT,GG,TC,CC,GG,AT,AG,CC,GG,GG,TC,CC,GG,TG,TT,CC
zm15293,AG,TT,AG,GG,GG,GG,AA,CC,GG,GG,AA,AG,TC,TT,AA,GG,GG,AA,CC,TG,TC,AG,CC,AG,GG,CC,TG,TC,TC,TC,AG,GG,AG,GG,CC,AG,GG,GG,CG,TT,TC,CC,GG,CG,CG,TT,TC,TT,AA,TC,CC,AG,AT,AG,CC,AG,AG,TC,CC,GG,TT,TG,TC
zm15305,AG,TC,AG,GG,GG,AG,AA,CC,AG,GG,AG,AA,TT,TC,AA,GG,AG,AA,CC,TG,TC,AG,CC,AG,CC,CC,TT,CC,TC,TC,GG,AG,GG,TG,CC,GG,GG,GG,CG,TA,CC,CC,GG,CG,GG,CC,TC,TC,GG,TT,CC,GG,AT,AG,CC,GG,AA,TC,CC,GG,TT,TT,CC
zm15306,GG,TT,AG,GG,GG,AG,AA,CC,GG,GG,AA,AG,CC,TT,AA,GG,AG,AA,CC,TG,TC,GG,CC,AG,GG,CC,TT,CC,TC,TC,AA,GG,GG,TG,CC,AG,GG,GG,CG,TA,TC,CC,AG,GG,CG,TC,CC,TT,AA,TT,TC,AG,AA,GG,CC,AG,AA,TC,TC,GG,TT,TT,TC
zm15310,GG,CC,AA,GG,GG,GG,AG,AC,AG,AG,AA,AA,TT,TC,AG,AG,AG,AC,CC,TT,TC,GG,CC,GG,GG,TC,TT,CC,TT,CC,GG,AA,GG,TG,CC,GG,GG,GG,CC,TT,CC,CC,AG,CC,GG,TC,,TC,GG,TC,CC,AA,AA,AA,TT,AG,GG,CC,CC,GG,TT,TT,CC
zm15311,AA,TC,AA,GG,TT,AA,AG,CC,AG,GG,AA,AG,TC,TT,AA,GG,GG,AA,CC,TT,TT,AG,TT,GG,CG,CC,TT,CC,TT,TC,AG,GG,AG,TG,CC,GG,AG,GG,CC,TT,TC,CC,AA,CC,CG,,TC,CC,AA,TC,CC,AG,AT,AG,TC,GG,GG,,CC,GG,TG,GG,CC
zm15313,GG,TT,GG,GG,GG,AG,AA,CC,AG,GG,AG,AG,TT,CC,AA,GG,AA,AA,CC,TG,CC,GG,CC,AG,GG,CC,TT,TC,TC,TC,GG,GG,GG,TG,CC,GG,GG,GG,GG,TT,CC,CC,GG,CG,CG,CC,TT,TC,AG,CC,CC,AG,AA,GG,,AG,AA,TT,TC,GG,TT,TG,TC
zm15316,AG,TC,AA,GG,GG,GG,AA,AA,GG,GG,AA,AG,TC,TC,AA,GG,AA,AA,CC,TG,TC,GG,TT,GG,CC,CC,TG,CC,TT,CC,AG,GG,GG,TT,CC,AG,AG,GG,CG,TA,TT,GC,AG,CC,CC,TC,CC,TT,GG,TC,CC,GG,AA,AA,TC,AA,AA,TC,CC,AG,TG,TG,TC
zm15317,GG,TT,GG,AG,TT,GG,AG,CC,GG,AG,AG,AA,CC,TC,AG,AG,AA,AC,TC,GG,CC,GG,TC,GG,CC,TC,TT,CC,TT,CC,AG,GG,GG,TG,TC,AG,GG,AG,GG,TA,CC,GC,GG,CG,CG,TT,CC,TC,AA,TT,CC,AA,AT,AA,TC,GG,AG,CC,CC,AG,TG,TT,TC
zm15318,AG,TC,AG,AG,TT,AG,AA,AC,AA,GG,GG,AG,CC,CC,AA,GG,AG,AA,CC,TG,CC,AG,TC,GG,,CC,TG,TC,CC,CC,GG,GG,AG,GG,CC,GG,GG,AG,CG,TA,TC,GC,AA,CG,GG,TC,TC,CC,AA,TT,CC,AA,AA,AG,CC,AG,AG,TT,TC,AA,GG,TG,TC
zm15319,AG,TT,GG,GG,GG,AG,AA,CC,GG,GG,AG,AG,TT,CC,AA,GG,AG,AA,TC,TG,CC,GG,TC,GG,CC,CC,TT,TC,TT,CC,AG,GG,GG,TG,CC,AG,AG,GG,GG,TT,TC,CC,GG,CC,CC,CC,TC,CC,AG,TC,CC,GG,AA,AG,TC,AG,AG,TT,TC,GG,TG,TT,TC
zm15321,GG,TT,AA,GG,TT,GG,AA,CC,GG,GG,AG,AA,CC,TT,AA,GG,GG,AA,TT,TT,TT,AG,CC,GG,GG,CC,TT,TC,TC,CC,AG,GG,AG,TG,CC,GG,AG,GG,CC,TT,TC,GC,GG,CC,CC,TC,TC,TC,AG,CC,CC,AG,AT,AA,TC,GG,GG,CC,CC,GG,TT,TG,CC
zm15373,AA,TT,AG,AG,GG,AG,AG,CC,GG,GG,AG,AG,TC,CC,AA,GG,AG,AA,CC,TT,TC,GG,CC,GG,GG,CC,TG,TT,TT,CC,GG,GG,GG,TG,CC,GG,GG,AG,CG,AA,CC,GC,AG,CC,CG,TC,CC,TC,GG,CC,CC,AA,AA,AA,TT,AG,GG,TT,CC,AG,GG,TT,CC
zm15374,,TT,AG,GG,GG,GG,AA,AC,AG,GG,GG,AA,TC,TC,AA,GG,AG,AA,CC,GG,CC,GG,CC,AG,CC,CC,TT,CC,TC,TC,GG,GG,GG,TG,TT,AG,GG,GG,GG,AA,TC,CC,AG,CG,GG,TC,TC,TC,AG,TC,CC,GG,AA,AG,TC,AG,AG,CC,CC,GG,TG,TG,CC
zm15376,GG,TT,AA,AG,GG,GG,AG,AC,GG,GG,AG,AA,TT,TC,AA,GG,GG,AA,TC,TT,TT,GG,TC,GG,GG,CC,TG,TT,TT,CC,GG,GG,GG,TG,TC,GG,GG,AG,CC,TA,TC,GC,,CC,GG,TT,TC,CC,GG,TT,TC,GG,AA,AG,TC,AA,GG,TC,TC,GG,GG,TT,CC
zm15377,GG,TT,AA,GG,TT,AG,GG,CC,GG,GG,AA,AA,TT,TC,AA,GG,GG,AA,CC,TG,TC,GG,TT,GG,CG,CC,TG,TC,TC,CC,GG,GG,GG,TT,TC,AG,GG,GG,CG,TA,TC,CC,AG,GG,GG,CC,,TC,AG,CC,TC,GG,AA,AG,CC,AA,AA,TC,CC,GG,TG,TG,TC
zm15379,GG,TC,AG,AG,GG,GG,AG,CC,AA,GG,AA,AA,TC,CC,AA,GG,AA,AA,CC,TG,CC,AG,TC,AG,GG,CC,TT,TC,CC,TC,AG,GG,AG,TG,TC,GG,GG,AG,CG,TA,CC,GC,GG,CC,CG,TT,CC,TT,GG,TT,CC,AG,AA,AG,TC,GG,AA,TC,CC,GG,TT,TT,TC
zm15411,AG,TC,GG,GG,GG,AG,AG,CC,GG,GG,AA,AG,TT,TC,AA,GG,AG,AA,CC,GG,CC,GG,CC,AG,CC,CC,TT,TC,TC,TC,AG,GG,GG,TT,CC,GG,AG,GG,GG,TA,CC,CC,AG,CG,CC,CC,TC,CC,GG,TC,CC,AG,AT,AA,TC,AG,GG,CC,CC,AG,GG,TT,CC
zm15508,,TT,GG,GG,TT,AG,AG,CC,GG,GG,AA,AA,TC,CC,AA,GG,AG,AA,TT,GG,CC,GG,CC,GG,,CC,TG,TC,TC,CC,GG,AG,GG,TG,CC,GG,GG,GG,GG,,CC,CC,AG,CC,,TC,,CC,GG,TT,,AG,AA,AA,CC,,GG,CC,TT,GG,TT,TG,CC
zm15512,AA,TT,GG,AG,TT,GG,AA,AC,GG,AG,AG,AA,TT,TT,AG,AG,AG,AC,TT,GG,CC,AG,CC,GG,CC,TC,TT,TC,CC,TC,AG,GG,AG,GG,CC,GG,AG,AG,GG,AA,CC,GC,AG,CC,CG,TC,CC,TC,AG,TT,TC,AG,AA,AG,TC,AA,AG,TC,TC,AG,TT,TT,TC
zm15520,AG,TT,AG,GG,GG,GG,AG,AC,AG,GG,AG,GG,TC,TC,AA,GG,GG,AA,TC,GG,CC,GG,TC,GG,CC,CC,TT,CC,CC,CC,AG,GG,GG,TG,CC,AG,AG,GG,,TA,CC,CC,AG,CC,CG,CC,TC,TT,GG,CC,CC,AG,AT,GG,TT,AG,GG,TC,CC,GG,TT,TT,TC
zm15525,AG,TC,GG,GG,TT,GG,AA,CC,AG,GG,GG,AA,TC,TC,AA,GG,AG,AA,TC,GG,CC,AG,CC,GG,CG,CC,TT,TC,TT,CC,GG,AG,GG,GG,CC,GG,GG,GG,GG,TT,CC,CC,GG,CG,GG,CC,TC,TT,AG,TC,TC,GG,TT,AG,CC,,GG,TT,TC,AG,TT,TG,CC
zm15526,AA,TT,GG,AG,TT,,AA,AA,GG,GG,AA,AA,TC,TC,AA,GG,GG,AA,TC,GG,CC,GG,TC,GG,,,TT,CC,TT,CC,GG,AG,GG,GG,CC,GG,GG,AG,GG,,CC,GC,GG,CG,CG,TC,,TT,GG,TC,TC,AA,AA,AG,TT,GG,AA,CC,CC,AG,TG,GG,TC
zm15531,,TC,AG,AG,TT,AG,AA,,GG,GG,AG,AA,CC,TC,AA,GG,GG,AA,CC,TG,,GG,CC,GG,CC,,TG,CC,TT,,AG,GG,GG,TT,CC,GG,GG,AA,CG,TA,TC,GC,AA,CC,CC,TT,,CC,,TT,TC,GG,AT,GG,CC,,AG,CC,CC,GG,TG,TG,CC
zm15536,AA,TT,GG,AG,GG,GG,AA,AC,AG,GG,AG,AA,CC,TC,AA,GG,GG,AA,CC,TG,TC,GG,CC,GG,CC,CC,TG,TC,TT,CC,GG,GG,GG,TG,CC,GG,GG,AG,CG,TT,TC,GC,AG,CC,CG,CC,CC,TT,GG,TT,CC,AG,AA,AG,CC,GG,AG,TC,CC,AG,GG,TG,CC
zm15537,GG,TC,AA,GG,GG,AG,AA,CC,GG,GG,GG,AA,TC,CC,AA,GG,,AA,CC,GG,TC,GG,CC,GG,GG,CC,TG,CC,TT,CC,GG,GG,GG,TG,TT,GG,GG,GG,GG,AA,TC,CC,GG,CC,GG,TC,CC,TT,AG,TT,TC,AG,AA,AG,CC,AG,AG,TC,CC,AG,TT,TT,TC
zm15541,GG,TT,AG,GG,GG,GG,GG,CC,GG,GG,AG,AG,TT,TC,AA,GG,AA,AA,CC,TG,TC,AG,TC,GG,CG,CC,TT,CC,TC,CC,AG,,AG,TG,CC,GG,AG,GG,CG,TA,CC,CC,GG,CC,CG,CC,CC,TT,AG,TC,CC,AG,AA,AG,CC,GG,AA,CC,CC,AG,GG,TG,CC
zm15544,AA,TT,AA,GG,GG,AG,AA,CC,GG,GG,AG,AG,TT,TC,AA,GG,AA,AA,CC,TG,CC,AA,CC,GG,CC,CC,TT,TC,TT,CC,GG,,GG,GG,TC,GG,GG,GG,CG,TA,TC,CC,AG,CC,GG,CC,TC,TC,AG,TC,TC,AA,AT,AG,TT,AA,GG,CC,CC,GG,TG,TT,TC
zm15576,,,AG,,,AA,AA,AA,,GG,,GG,TC,CC,AA,GG,AG,AA,CC,TG,TT,GG,TC,AG,CC,,TG,CC,CC,,GG,,,GG,TC,GG,GG,AG,CG,AA,TC,GC,,CC,,CC,TT,TT,,,TT,AG,AA,AG,TT,GG,,,CC,GG,TG,TT,CC
zm15582,,,AA,GG,GG,AA,AA,AA,GG,AG,AA,AA,CC,TC,AA,,,,CC,GG,CC,GG,TC,GG,CC,TC,,CC,CC,,AA,AA,GG,GG,CC,GG,,,GG,AA,,,,CC,CG,CC,TT,CC,,TT,,,,GG,TT,,GG,TC,TC,GG,TT,GG,TC
zm15583,GG,TT,GG,GG,TT,GG,AA,CC,GG,AG,AG,AG,CC,CC,AG,AG,AA,AC,TT,GG,CC,GG,TC,GG,CC,TC,TT,TC,TT,CC,GG,GG,GG,GG,CC,AG,GG,GG,GG,TT,CC,CC,AG,CG,CG,TC,TT,TC,GG,TT,TC,GG,AA,AG,TT,AA,AG,TT,TC,GG,TG,TT,CC
zm15584,AG,TT,GG,GG,TT,AG,GG,AC,GG,GG,AA,,TC,TT,AA,GG,AG,AA,TC,GG,CC,AG,CC,AA,CC,,TT,TT,TC,CC,GG,GG,AG,TT,CC,GG,GG,GG,GG,TT,CC,CC,AG,CC,GG,TC,TC,TC,GG,TC,TC,AG,TT,AG,TC,,AA,TT,CC,AG,TT,TG,
zm15585,,TC,GG,,TG,,AA,AC,AG,AG,AA,,TT,TT,AG,,,,CC,GG,CC,AA,TC,GG,CC,TC,TG,CC,CC,,AG,GG,GG,GG,,GG,AG,GG,CG,,TC,CC,,CC,CG,TT,TT,CC,AG,TT,,AA,AA,AG,TC,,,TC,TC,GG,TT,TT,CC
zm15586,AG,TC,GG,GG,TT,AG,AG,CC,GG,GG,AG,AG,TC,TC,AA,GG,GG,AA,CC,GG,CC,AG,CC,GG,CC,CC,TG,TC,TC,CC,AG,GG,GG,TG,TC,GG,AG,GG,GG,TA,TC,CC,AA,CG,CG,TC,CC,TC,GG,TC,CC,GG,AA,AG,TT,AG,AA,TC,CC,GG,TT,TT,TT
zm15589,AG,TC,GG,GG,GG,AG,AA,CC,AG,AG,AG,AG,TC,CC,GG,AA,GG,CC,CC,GG,CC,AG,CC,GG,CC,TT,TG,CC,TT,CC,AG,GG,AG,TG,CC,GG,AG,GG,GG,TA,CC,CC,AG,CC,CG,TC,TC,TC,AG,TT,CC,AG,AA,AG,TT,GG,GG,CC,TC,AG,TT,GG,CC
zm15590,GG,TC,AA,AG,GG,,AA,CC,GG,AG,GG,GG,TC,CC,AG,AG,AA,AC,CC,,TC,AA,CC,GG,CG,TC,TT,TC,TT,CC,GG,AG,AG,TG,CC,GG,GG,AG,CC,TT,CC,GC,AG,CG,GG,TT,TT,CC,GG,TT,,AG,AA,AG,TC,,AA,TT,CC,GG,TT,TT,CC
zm15609,AG,TC,AG,,TT,AA,AG,,GG,AG,GG,AA,TT,TC,AG,,,AC,CC,TT,TC,GG,CC,,CC,TC,TT,TC,TC,,GG,GG,AG,GG,TC,AG,AG,AG,CG,TT,TC,,GG,CC,CG,TT,TC,CC,AG,,TC,,,AA,TC,GG,GG,CC,CC,GG,GG,TT,TC
zm15610,AA,TC,AG,AG,GG,,GG,AC,GG,,GG,AA,TT,,AA,GG,AA,AA,CC,TG,CC,GG,CC,AG,CC,,TT,TC,TT,CC,GG,GG,AG,TG,TC,AG,GG,AG,GG,TT,TC,GC,,CC,CG,TT,TC,TC,,,,AA,,AG,TC,,GG,TT,CC,GG,GG,TT,TC
zm15611,,TC,AG,AG,GG,AA,AG,AC,GG,AG,GG,,TT,TT,,AG,AG,AC,,TG,TC,GG,CC,AG,CC,TC,TT,TC,TC,TC,GG,,AG,TG,CC,GG,,AG,CG,TT,TT,GC,GG,CC,CG,TT,,CC,AG,TT,,AG,AA,AG,CC,AG,GG,TT,CC,GG,GG,TT,TC
zm15612,AG,TT,AG,AG,TG,AA,AA,,,,,AG,TT,,,AA,AA,AC,CC,,CC,GG,TC,AG,CC,TC,TT,TC,TT,TC,,,AG,,,GG,GG,AG,CG,,TC,,AA,CC,CC,,TT,CC,AA,,,AG,AT,AG,TC,AA,,TC,CC,AG,,,TT
zm15613,,TC,GG,GG,,AG,GG,,GG,GG,,,TT,TC,AA,,GG,AA,TC,TG,CC,GG,CC,GG,CC,,,CC,TT,,GG,AG,AG,TG,TC,AG,,GG,GG,TA,TC,CC,AG,CC,CC,TC,,TC,AA,TT,,AG,,AG,TC,AA,AG,TT,CC,GG,GG,TT,TT
zm15614,AG,TT,AG,,TT,AA,AG,,GG,GG,AG,,TT,TC,AA,GG,GG,AA,CC,TG,CC,GG,CC,GG,CC,,TT,TC,TC,,GG,AG,AG,GG,TC,GG,GG,AG,GG,TT,CC,GC,AG,CC,GG,,TT,TT,AG,TT,TC,AG,,AG,TC,,,,CC,GG,GG,TT,
zm15615,AG,TT,AA,GG,GG,AG,AA,AA,GG,AG,AG,GG,TC,TC,AG,AG,GG,AC,TC,TG,CC,GG,TT,GG,CG,TC,TG,TT,CC,CC,GG,GG,GG,TG,CC,GG,GG,GG,CC,TA,CC,GC,AA,CC,CC,TC,CC,TC,GG,TC,CC,AA,AT,GG,CC,GG,GG,TC,TC,AG,TG,TG,CC
zm15616,GG,CC,GG,GG,TT,,AA,AC,GG,AA,AA,GG,TC,CC,GG,AA,GG,CC,CC,GG,CC,AG,TC,AG,CC,TT,TG,TC,TT,TC,AA,GG,AG,GG,CC,GG,AA,GG,GG,TA,TC,CC,AA,CC,GG,CC,,TT,GG,CC,TT,AA,AA,AA,CC,GG,GG,TC,CC,AG,TG,TT,TC
zm15617,,,GG,GG,TG,,,AC,GG,GG,,,CC,TT,AA,GG,GG,,,GG,CC,GG,CC,,CC,TC,TG,CC,TT,,AG,,,GG,CC,GG,AG,GG,GG,,CC,CC,,CC,,CC,TT,,GG,,TT,,,,CC,,,CC,CC,GG,GG,GG,CC
zm15619,,,GG,GG,TG,AA,AA,AC,GG,GG,AG,GG,TC,,AA,GG,GG,,CC,GG,CC,GG,CC,AG,CC,TC,TG,CC,CC,CC,GG,GG,AG,TG,,,GG,GG,CG,AA,TC,CC,GG,CC,CG,CC,TT,,GG,,TT,AG,,AG,,GG,GG,CC,CC,GG,TT,TT,CC
zm15620,AG,TC,AA,GG,GG,AG,AA,CC,AG,GG,GG,AG,TT,TC,AA,GG,AG,AA,CC,GG,CC,AA,CC,GG,CC,CC,TG,TC,TT,CC,AG,,AG,TG,TC,AG,GG,GG,GG,AA,CC,CC,AG,CC,CC,CC,TC,TC,GG,TC,TC,GG,AA,AA,TC,GG,AG,TC,CC,AG,TT,TT,TC
zm15621,,TT,AA,GG,TT,GG,AA,CC,AG,GG,AG,AG,TC,CC,AA,GG,AA,AA,CC,TG,TC,AG,TC,AG,CG,CC,TT,CC,TC,TC,AA,AG,GG,TT,CC,AG,AA,GG,CG,TT,TC,CC,AG,CG,CG,TC,TT,TT,GG,TC,CC,AG,AA,AG,TC,AG,AG,,TC,GG,TG,TT,TC
zm15622,AA,TT,AG,GG,TT,AG,AA,CC,GG,AG,AA,GG,CC,TC,AG,AG,AA,AC,TC,GG,CC,GG,TC,GG,GG,TC,TT,TT,TT,CC,AA,AA,GG,TG,TC,GG,AG,GG,GG,TA,TC,CC,AA,CC,CG,CC,TC,TC,AA,TT,CC,AA,AT,AA,TT,AG,AG,TC,TC,GG,TT,TT,CC
zm15623,,TC,AG,GG,TT,AG,AA,AC,GG,GG,AA,AA,TC,TT,AA,GG,AG,AA,CC,TG,CC,GG,TT,AG,CC,CC,TG,CC,TT,TC,GG,AG,GG,GG,CC,GG,GG,GG,CG,TA,CC,CC,AG,CC,CC,CC,CC,CC,AG,TC,TC,AG,TT,AA,TC,AG,AG,TC,CC,GG,TG,TT,CC
zm15624,AA,TT,AG,AG,TT,GG,AA,CC,GG,AG,AG,AG,TC,CC,AG,AG,AG,AC,TC,GG,CC,GG,CC,AG,CG,,TG,TC,TT,CC,AG,GG,GG,GG,CC,AA,AG,AG,GG,,TC,GG,AG,CC,CG,CC,TC,TC,AG,TC,CC,AG,AA,AA,TC,GG,GG,TT,CC,AG,GG,TG,CC
zm15625,AA,TT,GG,AG,TT,AG,AA,CC,GG,GG,AG,AA,TT,TC,AA,GG,AG,AA,CC,GG,CC,GG,CC,GG,GG,CC,TT,TT,TT,CC,AG,AG,GG,GG,TC,GG,AG,AG,GG,TT,CC,GC,GG,CG,CG,TT,CC,TC,AG,TT,CC,GG,AT,GG,CC,GG,AG,CC,CC,GG,TT,TT,CC
zm15626,GG,TT,AG,AG,,AG,AG,CC,GG,GG,AG,AG,TC,TC,AA,GG,GG,AA,TC,TG,TC,AG,CC,GG,CC,CC,TG,CC,TT,,AG,GG,GG,TG,CC,GG,GG,AG,CG,TT,TC,GC,AA,CG,CC,CC,CC,TT,GG,TT,,AG,AT,AA,TC,GG,GG,,TC,GG,TG,TT,TC
zm15627,AG,TC,AG,AG,TT,AG,AA,,AG,AG,AA,AG,TT,TC,AG,AG,AA,AC,CC,GG,CC,AA,CC,GG,CC,TC,TT,CC,TC,,GG,GG,AA,GG,TT,AG,GG,AG,CG,TA,TC,GC,,CC,CG,CC,,CC,AA,TT,TC,AA,,AG,TC,AA,GG,,TC,GG,TG,TT,TC
zm15628,AG,TT,AG,AG,TT,AG,AA,AC,GG,GG,AG,AA,TT,TC,AA,GG,GG,AA,TT,GG,TC,AG,CC,GG,CC,CC,TT,CC,TC,CC,AG,AG,AG,GG,TC,GG,AG,AG,CG,TT,TC,GC,AG,CG,CG,TC,TC,TC,AG,TT,CC,AA,AA,AG,TT,GG,AG,CC,TC,GG,TG,TT,TC
zm15629,GG,TT,GG,GG,GG,GG,AA,CC,AG,GG,GG,AG,TT,TC,AA,GG,AG,AA,TC,GG,CC,AG,CC,GG,CC,CC,TT,TT,TC,CC,AG,GG,AG,TT,TC,AG,AG,GG,GG,TT,CC,CC,GG,CC,GG,CC,CC,TC,GG,TT,CC,GG,AA,AG,CC,AG,AG,TC,CC,GG,GG,TG,TC
zm15635,,TT,AA,GG,TG,AA,AA,AC,,GG,,,CC,CC,GG,GG,GG,AC,CC,GG,CC,AA,TC,,CC,TC,TG,,TC,,,GG,,,TT,GG,,GG,GG,AA,TC,,GG,CC,,CC,TT,TT,GG,,TT,,,,,GG,GG,CC,CC,GG,TG,,CC
zm15637,,TT,,GG,GG,AA,,AC,AG,GG,AA,GG,CC,TT,AG,AG,,CC,TC,GG,CC,AG,CC,GG,CC,TT,TG,CC,TC,,GG,GG,GG,TT,CC,GG,GG,,GG,,CC,CC,,CC,GG,TT,TT,CC,GG,,TT,AA,,AA,,,,,CC,GG,TT,,TT
zm15652,AA,TT,GG,GG,TG,AG,AA,AC,GG,AG,AA,AA,TT,TT,AG,AG,GG,CC,TC,GG,CC,GG,CC,GG,,TT,TG,CC,TC,CC,GG,GG,GG,TT,CC,GG,GG,GG,GG,TA,CC,CC,AG,CC,GG,CC,TC,CC,AG,TC,CC,,TT,AA,CC,GG,AG,TC,CC,GG,TG,TT,CC
zm15661,,TC,GG,GG,GG,GG,AA,,GG,AG,,GG,TC,TC,AG,,AA,AC,TT,TG,TC,GG,CC,GG,CG,TC,TT,CC,TC,CC,AG,GG,GG,TG,TC,AG,,AG,CG,TT,CC,GG,GG,CC,CC,CC,TC,,,TT,TT,GG,AA,AA,TC,AA,GG,TT,CC,AG,TG,TG,TC
zm15669,AG,TT,GG,AG,GG,GG,AA,CC,AG,GG,AG,AA,TC,TC,AA,GG,AA,AA,TC,TT,CC,GG,CC,GG,CC,CC,TT,CC,TT,CC,AG,AG,GG,GG,CC,GG,AG,AG,GG,TA,TC,GC,GG,CG,CG,TT,CC,TT,AG,TC,CC,AA,AA,GG,TT,AG,AA,TT,TT,GG,TT,TG,CC
zm15679,,TT,AG,GG,GG,,AA,AC,AG,,,AG,,TC,AA,GG,AA,AA,TC,GG,CC,GG,CC,GG,CC,,,TC,TC,CC,AG,,,TG,CC,AG,AG,GG,GG,TA,CC,CC,AA,CC,GG,TC,TT,TT,AG,,,AG,,AG,TT,GG,GG,,TC,GG,TT,TT,CC
zm15681,GG,TC,GG,AG,TT,AG,AA,CC,AG,AG,AG,AG,TT,TC,AG,AG,GG,AC,TC,GG,CC,AG,CC,GG,CC,TC,,TT,TT,CC,GG,GG,AG,TG,CC,GG,GG,AG,GG,TA,TT,GC,GG,CC,CG,CC,TC,TC,GG,,,AG,AA,AA,TT,GG,AA,,CC,GG,TG,TT,CC
zm15682,GG,TT,GG,GG,GG,AG,AG,CC,AG,GG,AG,AG,CC,TC,AA,GG,AA,AA,TC,GG,CC,AG,CC,AG,CG,CC,TT,CC,CC,TT,AG,AG,AA,TG,CC,GG,AG,GG,GG,TA,TC,CC,GG,CC,CG,CC,,TT,AA,TC,TC,AG,AA,AA,TT,AA,GG,TT,CC,AG,GG,TT,CC
zm15686,AA,TC,GG,GG,TT,,AA,CC,GG,AA,GG,AA,TT,,GG,AA,AG,CC,TC,GG,CC,GG,TC,AG,,TT,TT,TC,TT,CC,GG,,GG,,TC,GG,GG,AG,GG,AA,TC,GC,AG,CC,CG,CC,,CC,GG,TT,CC,GG,AT,GG,TC,,AA,TC,CC,AA,TT,TT,TC
zm15688,AG,TC,AG,AG,GG,AG,AA,CC,GG,AG,AA,AG,TT,TT,AG,AG,AG,AC,TT,GG,CC,GG,TC,GG,CC,TC,TT,TC,TT,TC,GG,GG,GG,TT,CC,AA,GG,AG,GG,TA,CC,GC,,CG,CG,CC,TC,TT,GG,TC,CC,AG,AT,GG,TC,,AG,CC,CC,GG,TT,TG,CC
zm15689,AG,TT,AG,AG,TT,GG,AA,AC,GG,GG,AG,AA,TC,TC,AA,GG,AA,AA,TC,TG,TC,GG,CC,GG,CC,CC,TT,TC,TT,CC,AG,AG,AG,GG,TC,GG,AG,AG,CG,TA,TC,GC,AG,CC,CG,TC,TT,TC,GG,TT,CC,AA,AA,AG,TT,AG,GG,CC,TC,GG,TG,TT,CC
zm15691,AG,TT,AA,GG,GG,AG,AA,CC,AG,GG,AA,AG,TC,TT,AA,GG,AA,AA,TT,TT,TT,GG,TC,GG,,CC,TG,CC,CC,CC,AG,AA,GG,TT,CC,GG,AA,GG,CC,TT,TC,CC,AA,CC,CG,TC,,TC,GG,TC,TC,AG,AA,GG,TT,AG,GG,CC,TC,GG,TT,TT,CC
zm15692,AG,TC,GG,GG,GG,GG,AG,AA,AG,GG,AA,GG,TT,TT,AA,GG,GG,AA,CC,GG,CC,AG,CC,GG,GG,CC,TT,TC,TC,CC,GG,GG,AG,GG,TC,GG,GG,GG,GG,TT,CC,CC,GG,CC,CG,TC,CC,TC,AG,TT,CC,AG,AT,AG,TC,GG,GG,CC,CC,GG,TT,GG,CC
zm15705,GG,TC,AG,GG,GG,GG,AG,AC,AG,AG,AG,AA,TT,TC,AG,AG,AA,AC,CC,TG,TC,AG,TT,GG,CG,TC,TG,TT,TT,CC,GG,AG,AG,TG,CC,GG,GG,GG,CG,TT,TC,CC,GG,CC,CC,CC,TC,TC,GG,TC,CC,GG,AT,AA,TT,AG,GG,CC,CC,AG,TG,TG,TC
zm15711,AG,TT,AG,GG,TT,GG,AG,CC,AG,AG,AG,AA,TC,TC,AG,AG,AA,AC,TT,GG,CC,AG,CC,GG,,TC,TT,CC,TT,CC,AG,GG,AA,TG,TC,GG,AG,GG,GG,TT,CC,CC,AA,GG,GG,CC,TC,TC,GG,TT,,GG,TT,AA,TT,AG,AA,TC,CC,GG,TG,TT,CC
zm15715,GG,TT,AG,GG,TT,AG,,CC,GG,GG,AA,AG,TT,TT,AA,GG,AG,AA,TT,TG,TC,GG,TT,GG,CG,CC,TT,CC,TC,CC,AG,GG,AG,TG,TC,GG,AG,GG,CG,AA,,CC,GG,CC,CG,TC,TC,TC,GG,TT,TC,AG,,AG,TT,AA,AG,CC,CC,GG,TT,TT,TC
zm15721,AA,TC,AG,GG,TT,AG,AA,CC,GG,AA,AG,AG,TT,TT,GG,AA,GG,CC,CC,TG,TC,GG,TT,AG,CG,TT,TT,TC,TC,TC,GG,,GG,TG,TC,GG,GG,GG,CG,TT,TC,CC,AG,CC,CG,TC,,TC,AA,TC,,AA,AT,AG,TC,AA,GG,,CC,GG,TG,TT,TC
zm15724,,TC,GG,GG,TG,AA,,AC,GG,GG,AA,,CC,,AA,GG,,AC,,GG,CC,AG,CC,GG,CC,TC,TG,CC,,CC,GG,,,GG,,GG,GG,GG,GG,AA,TC,CC,,CC,,,TT,CC,GG,,TT,GG,,AG,,AG,GG,TC,CC,GG,,GG,
zm15729,AG,TT,GG,GG,TT,GG,AA,CC,GG,GG,AG,AG,TT,CC,AA,GG,GG,AA,CC,TG,CC,GG,CC,GG,GG,CC,TT,TC,TT,CC,AG,GG,GG,TG,CC,GG,AG,GG,GG,TA,CC,CC,AA,CG,CG,TC,CC,TC,GG,TT,CC,AG,AA,AG,CC,GG,AG,CC,TT,GG,TT,TT,TC
zm15753,GG,TT,AG,AG,TT,AG,AG,CC,GG,AG,AA,AG,TT,,AG,AG,GG,AC,TC,TG,TC,GG,CC,GG,CC,TC,TG,TT,CC,CC,,GG,GG,TG,CC,AG,GG,AG,CG,TT,CC,GC,GG,CC,CG,CC,TC,TC,,TT,TC,AG,AT,AG,TC,AA,,TC,TC,AG,TT,TG,CC
zm15861,,,GG,GG,TT,AA,,AC,GG,GG,AA,GG,,TT,AA,GG,GG,AA,TT,GG,CC,GG,CC,GG,CC,,TT,TT,CC,CC,AA,AG,GG,TG,,AG,GG,GG,GG,AA,TC,CC,,CC,GG,,TT,,GG,TT,TT,GG,TT,GG,TC,,AA,TC,TC,GG,GG,TT,CC
zm15884,AG,CC,AG,GG,GG,AG,AA,CC,AG,GG,AG,AA,TC,TC,AA,GG,AG,AA,CC,GG,CC,AG,CC,AG,CC,CC,GG,CC,TC,TC,AG,GG,AG,TG,CC,AA,AG,GG,CG,TT,CC,CC,AA,CG,CC,CC,TC,TC,GG,TC,CC,AG,AT,AG,TT,AG,AA,TC,CC,GG,TT,TT,CC
zm15951,GG,TC,GG,GG,GG,AG,AG,AC,AG,GG,AG,AG,TC,TC,AA,GG,GG,AA,TC,GG,CC,AA,CC,GG,CG,CC,GG,CC,CC,CC,GG,GG,AA,GG,CC,GG,GG,GG,GG,TA,TC,CC,,CC,CG,TC,CC,TC,GG,TC,CC,AG,AA,AG,TT,GG,AA,TC,CC,GG,TG,TT,CC
zm15952,GG,TT,AG,GG,TT,,AG,,GG,GG,AG,AA,TC,TT,AA,GG,AA,AA,TC,,TC,GG,CC,GG,CC,,TG,TC,TC,CC,AG,AA,AG,TG,CC,GG,AG,GG,CG,TT,TC,CC,AG,CC,CG,CC,,TC,AG,TT,TC,AA,,AA,TC,,AG,TC,TC,GG,TG,TT,CC
zm15953,AG,TT,AA,,TT,AA,AA,AC,,GG,AA,AA,TT,,AA,,AA,AA,,TT,,GG,,GG,CC,,TT,CC,TT,,GG,,,TT,,,AG,,CC,TT,CC,,,CG,CG,CC,TC,CC,AA,,TT,AG,AA,AA,TC,AA,AA,TC,TT,AG,TT,TG,TC
zm15973,AG,TT,AA,,TG,AA,,AC,AG,GG,,AA,TC,,AA,GG,,AA,CC,TT,TT,AG,,GG,CC,TC,,CC,,CC,GG,,GG,GG,CC,GG,GG,AG,CC,AA,TC,,AA,CC,CG,TC,TT,CC,GG,,TT,,AA,GG,CC,GG,AG,CC,TC,AG,TT,TT,CC
zm15974,,TT,AG,AG,TT,,AA,AC,AG,,AG,AA,TC,TC,AA,GG,GG,AA,CC,TG,TC,AG,,AG,CC,,TT,,TT,TC,GG,GG,,GG,CC,GG,GG,AG,CG,TT,CC,GG,AG,CC,CC,,TT,CC,GG,TT,,GG,AA,GG,TC,GG,GG,CC,CC,AA,TT,TT,CC
zm15976,AA,TC,AA,GG,TT,AG,AA,AA,GG,GG,AG,AG,TT,CC,AA,GG,GG,AA,TC,GG,CC,GG,CC,GG,CG,CC,TT,CC,TT,CC,GG,GG,GG,TG,CC,AG,GG,GG,CG,TT,TC,CC,GG,CG,GG,CC,TC,TT,GG,TC,,AG,AA,AA,TT,GG,AG,TC,CC,AG,TT,TT,TC
zm15977,AA,TC,AG,GG,TT,AA,AA,CC,AG,GG,AG,AG,TT,TT,AA,GG,AG,AA,TC,GG,CC,GG,CC,GG,CC,CC,TG,TT,CC,CC,GG,AG,GG,TG,CC,GG,GG,GG,GG,TA,CC,GG,GG,CC,,CC,,TT,AG,TT,TC,AA,,GG,CC,AA,GG,CC,CC,GG,TT,TT,CC
zm15978,,TC,GG,GG,GG,AA,AA,,AG,GG,,GG,CC,,AA,GG,GG,AA,,GG,,AG,TC,,CC,TC,,CC,CC,CC,GG,GG,AG,GG,CC,GG,,GG,CG,,,CC,,CC,,CC,TT,,,,TT,AA,,AG,TC,GG,,CC,TC,,TG,,TC
zm15979,AA,TT,,AG,TT,AA,AA,AC,GG,GG,,AA,TC,,AA,GG,AA,AA,TC,GG,CC,GG,TC,GG,CC,,,TC,TT,CC,AG,GG,GG,TG,CC,GG,AG,AG,GG,TA,TC,GC,AG,CC,GG,CC,,TC,AG,TC,TC,AA,AA,AG,CC,,GG,TC,CC,GG,TG,TT,CC
zm15980,AA,TC,AG,AG,TT,AG,AA,AC,AG,GG,GG,AG,TC,TC,AA,GG,AG,AA,TC,GG,CC,AG,TC,GG,CC,CC,TT,CC,TT,,GG,,AG,TG,TC,GG,GG,AG,GG,TT,TC,GC,AA,CC,CG,CC,TC,TT,GG,TT,CC,AG,AA,AG,TC,GG,GG,TT,CC,GG,GG,TT,TC
zm15981,,TT,AG,GG,,,AA,CC,GG,GG,AA,AG,TC,CC,AA,GG,AG,AA,TC,TG,TC,GG,TC,GG,CC,CC,TT,CC,TT,CC,AG,GG,GG,TG,CC,GG,GG,GG,CG,,TC,CC,AA,CC,CG,TT,TC,TT,GG,TC,TC,,AA,AG,CC,AG,AG,TC,CC,AG,TG,GG,TC
zm15985,GG,TT,GG,GG,TT,GG,AA,CC,GG,GG,GG,AG,TT,CC,AA,GG,GG,AA,CC,GG,CC,AG,TT,GG,CG,CC,,TC,CC,CC,GG,GG,AG,TG,CC,GG,GG,GG,GG,TT,CC,CC,GG,CC,CG,TC,CC,TT,AG,TT,CC,AA,AA,AA,TT,AG,GG,TT,TC,GG,TT,TT,CC
zm15987,AG,TT,AG,GG,TT,GG,AG,CC,GG,AG,AG,GG,TT,TC,AG,AG,GG,AC,TC,GG,CC,GG,CC,GG,CC,TC,TT,CC,TC,,GG,,GG,TG,TC,AG,GG,GG,CG,TT,TC,CC,GG,CC,GG,TC,TC,CC,AG,CC,CC,AA,AA,AG,TT,GG,GG,CC,CC,GG,TT,TT,CC
zt1,GG,TT,GG,GG,,GG,AA,CC,GG,AG,AG,AG,TC,TC,AG,AG,AG,AC,CC,TG,CC,AA,CC,GG,CG,TC,GG,TC,TT,CC,AA,AG,AA,TT,TC,GG,AA,GG,GG,TA,TT,CC,AG,CC,CC,TC,CC,CC,AG,TT,CC,AG,,AG,TT,AG,AG,CC,TT,GG,TG,TT,CC
zt11,AA,TC,AA,GG,TT,GG,AA,CC,GG,,AG,AG,CC,TC,GG,AA,GG,,TC,TG,CC,GG,CC,GG,CC,TT,TG,TC,CC,CC,AA,AG,GG,GG,CC,AG,AA,GG,CG,TA,TC,GG,AA,CC,CG,CC,TC,TC,AG,TT,CC,GG,AT,AA,TC,,GG,TT,CC,AG,TT,TG,CC
zt12,AG,TT,AG,GG,GG,AG,AG,CC,AG,AG,GG,AG,TC,CC,AG,AG,GG,AC,CC,GG,CC,GG,TC,GG,CC,TC,TT,CC,TC,CC,AG,GG,GG,TG,CC,AA,AG,GG,GG,TT,TT,CC,AA,CC,GG,TT,CC,TT,AG,TT,CC,AG,AA,GG,CC,AG,AG,CC,CC,GG,TT,TT,TC
zt13,,TC,AA,GG,TT,GG,AA,CC,GG,AG,AA,AG,TC,TT,AG,AG,GG,AC,TC,TG,TC,AG,TT,AG,GG,TC,TT,TC,TC,CC,GG,GG,AG,TG,TC,AG,GG,GG,CG,TA,CC,CC,AG,CC,CG,CC,TT,TC,GG,TC,CC,AA,TT,AA,CC,GG,AG,CC,TC,GG,TG,TG,CC
zt140,AG,TC,GG,GG,TT,AG,AA,CC,AG,GG,AA,GG,TC,TC,AA,GG,GG,AA,CC,GG,CC,GG,CC,GG,GG,CC,TT,CC,TC,CC,AG,GG,GG,GG,TC,AG,GG,GG,GG,TA,CC,CC,AG,CG,CG,CC,TC,TC,GG,TT,CC,GG,AT,AG,TT,GG,GG,TC,CC,GG,TT,TG,CC
zt169,AA,TT,GG,GG,TT,GG,AA,CC,GG,GG,AA,AA,TT,TT,AA,GG,GG,AA,CC,GG,CC,GG,CC,GG,GG,CC,GG,CC,TT,CC,GG,GG,GG,GG,TC,GG,GG,GG,GG,TT,CC,CC,GG,CC,CC,CC,CC,TC,GG,TT,CC,AA,AT,AG,CC,AG,AA,TC,CC,AG,GG,TT,TC
zt170,AA,TT,GG,GG,TT,GG,AA,CC,AG,GG,AA,AA,TT,TC,AA,GG,GG,AA,CC,GG,CC,GG,CC,GG,GG,CC,TT,CC,TT,CC,GG,GG,GG,GG,CC,GG,GG,GG,GG,TT,CC,CC,AG,CC,GG,CC,CC,TC,GG,TT,CC,AA,AT,AG,TC,AG,GG,CC,CC,GG,TG,TG,TC
zt171,GG,TT,AG,AG,TT,AG,AA,CC,AG,GG,AG,AA,TC,TC,AA,GG,,AA,CC,TG,TC,GG,CC,GG,CC,CC,TT,CC,TC,CC,AA,GG,GG,GG,TC,GG,AA,AG,CG,AA,TC,GC,AG,CC,CG,CC,TC,CC,GG,TT,,AA,AA,GG,TC,GG,AG,TC,CC,AG,TT,TT,CC
zt172,AA,TT,GG,GG,TT,AG,AA,CC,GG,GG,AA,AA,TT,TT,AA,GG,GG,AA,CC,GG,CC,GG,CC,GG,CG,CC,GG,CC,TT,CC,GG,GG,GG,GG,TC,GG,GG,GG,GG,TT,CC,CC,GG,CC,CC,CC,,TC,GG,TT,CC,AA,AT,AG,CC,AG,AA,TC,CC,AG,GG,TT,TC
zt173,,TT,GG,GG,TT,AG,AA,AC,GG,GG,AA,AA,CC,TT,AA,GG,GG,AA,CC,GG,CC,GG,CC,GG,CG,CC,TG,CC,TC,CC,GG,GG,GG,GG,CC,GG,GG,GG,GG,TT,CC,CC,GG,CC,CC,CC,TC,TC,AG,TT,TC,AA,TT,AG,TC,AA,GG,CC,CC,GG,TG,TG,CC
zt174,AG,TT,GG,GG,TG,,,AC,GG,GG,AA,AA,TC,TT,AA,GG,GG,AA,CC,GG,CC,GG,CC,GG,CC,,TT,CC,TC,CC,GG,GG,,TG,CC,GG,GG,GG,GG,TT,CC,CC,GG,CC,CC,CC,,TC,AG,TT,,AA,TT,AG,TC,,AG,CC,CC,GG,TG,TT,TC
zt175,AG,TT,GG,AG,GG,,AA,AC,GG,AG,AA,GG,TC,CC,AG,AG,,AC,CC,GG,CC,GG,TT,GG,CC,TC,TT,TC,TT,CC,GG,AA,GG,TG,CC,GG,,AG,GG,TA,CC,GC,GG,CC,CG,TC,,TC,GG,TT,,AG,AA,AA,CC,GG,GG,CC,CC,GG,TG,TG,CC
zt176,AA,TT,GG,GG,TT,AG,AA,AC,GG,GG,AA,AA,TT,TC,AA,GG,AG,AA,CC,GG,CC,GG,CC,GG,CG,CC,TG,CC,TT,CC,GG,GG,GG,GG,CC,GG,GG,GG,GG,TT,CC,CC,AG,CC,GG,CC,TC,TC,GG,TT,,AA,AT,GG,TC,AG,AG,CC,CC,GG,TG,TG,CC
zt177,AA,TT,GG,GG,TT,AA,AA,AC,GG,GG,AA,AA,TT,TT,AA,GG,GG,AA,CC,GG,CC,GG,CC,GG,,CC,TG,CC,TT,CC,GG,GG,GG,GG,CC,GG,GG,GG,GG,TT,CC,CC,AG,CC,GG,TC,TC,TC,AG,TT,TC,GG,TT,AG,TC,AA,AA,,CC,GG,TG,TT,TC
zt178,AA,TT,GG,GG,TT,,AA,,AG,GG,AA,AA,TC,TT,AA,GG,AG,AA,CC,GG,CC,GG,CC,GG,CC,,TT,CC,TT,CC,GG,GG,GG,GG,CC,GG,GG,GG,GG,TT,CC,CC,GG,CC,GG,CC,TC,TC,GG,TT,TC,AA,AT,AG,TC,AG,AG,CC,CC,GG,TT,GG,CC
zt179,AA,TT,GG,GG,TT,AG,AA,AC,GG,GG,AA,AA,TT,TT,AA,GG,GG,AA,CC,GG,CC,GG,CC,GG,,,,CC,TT,CC,GG,GG,GG,TG,CC,GG,GG,GG,GG,,CC,CC,AG,CC,GG,CC,TC,,GG,TT,TC,AA,TT,AA,CC,,GG,TC,CC,GG,TT,TT,TC
zt181,,TT,GG,GG,TG,AG,AA,AC,AG,GG,AA,AA,TT,TC,AA,GG,GG,AA,CC,GG,CC,GG,CC,GG,CC,,TT,CC,TT,CC,GG,GG,GG,GG,CC,GG,GG,GG,GG,TT,CC,CC,,CC,GG,CC,TT,TC,GG,TT,TT,AA,,AG,TC,,GG,CC,CC,GG,TG,TG,TC
zt182,AA,TC,,GG,TG,AA,AA,AC,GG,GG,AG,AG,CC,TC,AA,AG,AA,AA,TC,GG,CC,GG,TC,GG,CC,TC,TT,CC,CC,CC,AA,GG,GG,GG,CC,GG,AA,GG,,TT,TC,CC,AG,CC,,CC,TT,TC,,,TT,,,AG,TC,AA,AG,TC,CC,GG,TT,TG,CC
zt183,,TT,,GG,TT,AA,AA,AC,GG,GG,AA,AA,CC,TC,AA,,GG,AA,CC,GG,CC,GG,CC,GG,CC,,TG,CC,TC,CC,GG,GG,,GG,,GG,GG,GG,GG,TT,CC,CC,GG,CC,CC,CC,,TC,,TT,TT,AA,TT,AG,TC,AA,GG,CC,CC,GG,TG,TG,CC
zt184,AA,TT,,AG,TT,AA,AA,AC,AA,,AA,AA,,TC,AG,GG,AA,AC,,TG,TT,GG,CC,,CC,TC,TG,CC,TC,TC,AG,AG,,TG,TT,GG,,AG,CG,TA,,GC,AA,CC,CC,CC,TT,CC,AG,TT,TT,AA,,AG,CC,AA,GG,CC,CC,GG,GG,TT,CC
zt188,AG,TC,AG,AG,TT,GG,AA,AC,GG,GG,,GG,TT,TC,AA,GG,AG,AA,CC,GG,CC,GG,CC,GG,CC,CC,TG,TC,TT,CC,AG,GG,GG,TT,CC,AG,AG,AG,GG,TA,CC,GC,AG,CC,GG,TC,TC,TT,AA,TT,CC,AG,TT,AA,TT,AG,AG,TT,TC,AG,TG,TT,CC
zt19,GG,TT,GG,GG,TT,GG,AG,AC,GG,GG,AG,GG,TT,TT,AA,GG,AG,AA,CC,GG,CC,GG,TC,GG,,CC,TT,CC,TC,CC,AG,GG,GG,TT,TC,AG,AG,GG,GG,TA,TC,CC,AG,CC,GG,TC,TC,TC,GG,TT,CC,AG,AA,AG,TC,GG,GG,TT,CC,AG,TG,TT,TC
zt190,AA,TT,AA,GG,TT,AG,AA,CC,AA,GG,AG,AG,TC,TC,AA,GG,AA,AA,TC,TT,TT,AG,TC,GG,CG,CC,TT,CC,TT,CC,AG,GG,AG,TG,TC,GG,GG,GG,CC,TA,TC,CC,GG,CC,CG,TC,TC,TT,AG,TT,TC,AG,AT,AA,TC,AA,GG,TT,CC,AA,GG,TT,CC
zt192,,TC,AA,GG,TT,,AA,AC,GG,GG,GG,AG,CC,TC,AA,GG,GG,AA,TC,GG,CC,AG,TC,AG,CC,,TT,TC,CC,TC,GG,GG,GG,TG,TT,GG,GG,GG,GG,TT,CC,CC,AG,CC,CG,CC,,TC,AG,TT,,AA,AA,GG,TC,AG,GG,TT,TC,GG,TT,TG,TC
zt194,AA,TC,AA,GG,GG,AG,AA,AC,GG,GG,AG,AG,TC,TC,AA,GG,GG,AA,CC,TT,TT,AG,TC,GG,CG,CC,TG,TC,TC,CC,GG,,GG,TG,CC,AG,GG,GG,CC,TA,TC,CC,AG,CC,CG,TC,TC,CC,AA,TT,,AA,AT,AG,TC,AA,AG,,TC,AG,TT,TT,CC
zt196,AG,TC,AG,GG,TT,AG,AA,CC,AG,AG,,AA,TC,TC,AG,AG,AG,AC,TC,TG,TC,AA,TC,GG,CC,TC,TG,CC,TC,CC,AA,GG,GG,GG,CC,GG,AG,GG,CG,AA,CC,CC,AG,CC,CG,CC,TC,TC,AG,TT,TT,AG,AT,AG,TT,GG,AG,CC,CC,GG,TG,TT,TC
zt2,GG,CC,GG,GG,TT,,AG,CC,AG,AG,AG,AG,,TC,AG,AG,AG,AC,TT,GG,CC,GG,CC,GG,CG,TC,TT,TC,TC,TC,GG,GG,GG,TT,TT,AG,GG,GG,GG,TT,CC,CC,GG,CC,CG,TC,TC,TT,GG,TT,CC,AG,AT,,TC,AG,AG,TT,CC,GG,TT,TT,CC
zt200,AG,TT,AG,GG,GG,GG,AG,CC,AG,GG,GG,AG,TC,TC,AA,GG,AG,AA,TC,TG,TC,AG,CC,AG,GG,CC,TT,CC,TT,TC,AA,GG,AG,TG,CC,GG,AG,GG,CG,TA,CC,CC,AA,CC,CC,TT,CC,TC,GG,TC,CC,AG,AT,GG,TC,GG,AA,TT,CC,GG,TG,TT,TC
zt206,GG,TT,AG,AG,GG,GG,AA,CC,AG,AA,AA,AG,CC,TC,GG,AA,GG,CC,CC,GG,CC,GG,CC,GG,CC,TT,TT,TC,TT,CC,GG,GG,AG,TG,TC,AG,GG,AG,GG,TT,TC,GC,GG,CC,GG,TT,TC,TC,AG,TC,CC,AG,AT,GG,TT,GG,AG,CC,CC,GG,TG,TT,TC
zt210,AG,TT,AG,AG,TT,GG,AA,CC,GG,AG,AA,AG,CC,CC,AG,AG,GG,AC,CC,TG,TC,GG,TC,GG,CG,TC,TG,CC,TC,CC,GG,GG,GG,TG,TC,AG,GG,AG,CG,TT,CC,GC,AA,CC,CC,CC,TC,TT,GG,TT,CC,AA,,AG,CC,AG,AG,TC,TC,GG,TG,TT,CC
zt213,GG,TC,AA,GG,TT,GG,AA,CC,AG,GG,AA,AG,TT,TC,AA,GG,AG,AA,CC,GG,TC,AG,TC,GG,CC,CC,TT,TC,TT,CC,GG,GG,GG,GG,TC,GG,GG,GG,GG,TA,CC,CC,GG,CC,CG,CC,CC,TC,GG,TT,CC,AA,AT,AG,TC,AG,AA,TC,CC,GG,TG,TG,CC
zt220,GG,TT,AG,AG,GG,GG,AA,AC,GG,GG,AG,GG,TC,CC,AA,GG,AG,AA,TC,TG,TC,GG,CC,GG,GG,CC,TT,TC,CC,CC,AG,AG,GG,TT,TT,AG,GG,AG,CG,TA,CC,GC,GG,CC,GG,TC,TC,TC,AG,TT,CC,AA,AA,AG,TC,AA,AG,TC,CC,AG,TT,TT,CC
zt221,AA,TT,AG,AG,TT,AG,AG,CC,AG,GG,AG,AA,CC,TT,AA,GG,AG,AA,TC,GG,CC,GG,CC,AG,GG,CC,TT,TT,TC,TC,AG,AG,GG,GG,TC,GG,AG,AG,GG,TA,TC,GC,AG,CC,CC,TT,CC,TT,GG,TT,TC,AG,TT,AG,CC,GG,AG,TC,CC,GG,TT,TT,TC
zt222,AG,TT,GG,AG,TT,GG,AA,CC,AG,GG,AG,AG,TT,TC,AA,GG,GG,AA,CC,GG,CC,AG,CC,GG,GG,CC,TT,CC,TT,CC,GG,GG,AG,TG,CC,GG,GG,AG,GG,TT,TC,GC,AG,CC,CG,TC,TC,TC,GG,TT,CC,GG,AT,GG,TT,AG,GG,TC,TC,GG,TT,TT,CC
zt225,AG,TC,AA,GG,TT,AG,AA,CC,AG,AG,AA,AG,TT,TC,AG,AG,GG,AC,CC,TT,TC,GG,CC,GG,CG,TC,TG,CC,TT,CC,AG,GG,AG,GG,TC,AG,GG,GG,CC,TT,CC,CC,GG,CC,CC,TC,TT,TC,GG,TC,,AG,AT,AG,TC,GG,AG,,TC,AG,TG,TT,CC
zt226,AA,TT,AA,GG,GG,,AA,CC,GG,GG,AA,AG,CC,CC,AA,GG,AA,AA,TC,TG,TC,GG,TC,AG,,CC,TG,CC,TT,TC,AG,GG,GG,TG,CC,GG,AG,GG,CG,TT,CC,CC,AG,CG,CG,TC,,TT,AG,TC,,AA,AA,AG,TT,,AG,TC,TC,GG,TG,TG,CC
zt227,AG,TC,AG,GG,GG,GG,AA,AC,AG,AG,AA,AA,CC,TT,AG,AG,GG,AC,CC,TG,CC,GG,TT,GG,CC,TC,TT,TC,TC,CC,GG,GG,AG,TG,TC,GG,GG,GG,CG,TA,CC,GC,GG,CC,CG,TC,CC,TT,GG,TC,TC,AG,AT,AG,TC,GG,GG,TC,CC,GG,TG,TT,CC
zt228,GG,TT,GG,GG,TT,AG,AA,CC,AG,GG,AG,AA,TC,TC,AA,GG,AA,AA,TC,GG,CC,AA,TC,GG,CG,CC,TG,CC,TT,CC,GG,GG,AG,TT,CC,AG,GG,GG,GG,TT,CC,GC,AG,CG,CG,CC,TT,TC,AG,TT,,AG,AA,AG,TC,AA,AG,TC,CC,GG,TT,TG,CC
zt232,GG,TT,AG,AG,TT,GG,AG,CC,GG,GG,GG,AG,TT,TC,AA,GG,AG,AA,TC,GG,CC,AG,TC,GG,GG,CC,TT,TC,TC,CC,AG,GG,GG,TG,CC,AG,GG,AG,CG,TT,CC,GC,AG,CC,GG,TC,TC,CC,AG,TT,CC,AG,AA,GG,TT,AG,AG,TC,TC,GG,TT,TG,CC
zt234,AG,TT,GG,GG,TT,,AA,CC,GG,AG,AA,AA,TC,TT,AG,AG,AA,AC,TC,TG,CC,AG,CC,GG,CC,TC,TT,TT,TT,CC,GG,AG,AG,GG,CC,GG,GG,GG,GG,TT,CC,CC,AG,CC,CC,TC,TC,CC,GG,TT,TC,AG,TT,AG,TT,GG,AG,TC,TC,GG,TT,TT,CC
zt238,AG,TT,AG,GG,GG,AG,AA,CC,GG,AG,AG,AG,TT,TC,AG,AG,AG,AC,TC,TT,TC,GG,CC,GG,CC,TC,TT,CC,TT,CC,AG,,GG,TG,TC,AG,GG,GG,CG,TA,CC,CC,AG,CC,CG,CC,TC,CC,AG,TT,TC,AG,AA,AA,TT,AG,AG,TC,CC,AG,TG,TG,CC
zt239,GG,CC,AA,GG,GG,AG,AA,CC,GG,GG,AG,AA,TT,TT,AA,GG,AA,AA,CC,TG,TC,GG,CC,GG,CG,CC,TT,TC,TC,CC,AG,AA,GG,TG,CC,AG,AG,GG,CC,TT,CC,CC,AG,CG,CG,TC,TC,TT,AG,TT,,GG,TT,AG,TC,AG,GG,CC,CC,GG,GG,TT,CC
zt240,AG,TC,AG,GG,TT,AA,AG,CC,GG,GG,GG,AA,TT,CC,AA,GG,GG,AA,TT,GG,CC,GG,CC,AG,GG,CC,TG,CC,TT,TC,AG,GG,GG,TG,TC,GG,AG,GG,CG,TA,TC,CC,AA,CC,CG,CC,TC,TT,AG,TC,TT,AG,AA,AG,CC,AG,AA,TC,CC,GG,TG,TG,CC
zt241,,TC,GG,GG,GG,AG,AA,AC,GG,GG,AG,AG,TC,TC,AA,GG,AA,AA,CC,GG,CC,GG,CC,GG,GG,CC,TT,TC,TC,CC,GG,AG,GG,TG,CC,GG,GG,GG,GG,TA,CC,CC,AG,CG,,TC,TC,TT,GG,TT,CC,GG,AT,AG,TC,GG,AG,TC,CC,GG,TG,TG,CC
zt242,AA,TC,AG,GG,TT,AG,GG,CC,AG,AG,AA,AG,TT,TC,AG,AG,,AC,TC,GG,CC,AG,TT,GG,,TC,TT,TC,TT,CC,AG,GG,AG,TG,CC,GG,AG,GG,GG,TA,TC,CC,AG,CG,GG,CC,TC,TC,AG,TC,,AG,AA,AA,TC,AA,GG,CC,CC,AG,TT,TT,TC
zt244,AG,TT,GG,AG,,AG,AA,CC,AG,GG,AA,AA,TC,TT,AA,GG,GG,AA,CC,TG,CC,GG,CC,GG,CC,CC,TG,TC,TC,CC,AG,GG,GG,TG,TC,AG,GG,AG,GG,,CC,GC,GG,CC,CG,TC,,TT,GG,TT,CC,AG,AT,AA,TC,AA,AG,CC,CC,AG,TG,TG,TC
zt246,GG,CC,AG,GG,GG,GG,GG,AA,GG,GG,AG,AG,CC,TC,AA,GG,AA,AA,TC,TG,TC,GG,CC,GG,CG,CC,TT,TT,TC,CC,GG,GG,GG,GG,CC,GG,GG,GG,CG,TA,TC,CC,AG,CC,CG,TT,CC,TC,AG,TC,CC,AG,AA,AA,TC,,AG,TC,TC,GG,TG,TG,TT
zt247,AG,TT,GG,GG,TT,GG,AA,AC,AA,GG,AG,AA,TT,CC,AA,GG,AA,AA,TC,GG,CC,GG,CC,GG,CC,CC,TT,TT,TT,CC,GG,AG,GG,TG,CC,AG,AG,GG,GG,TA,CC,CC,GG,CC,GG,TT,TC,TC,GG,TC,CC,AG,AA,GG,TT,GG,AA,CC,CC,AG,TG,TT,CC
zt249,AG,TT,GG,GG,TT,,AA,AC,,AG,AA,AA,TT,TC,AG,,GG,AA,CC,,CC,GG,CC,,CC,TC,TG,CC,TT,TC,GG,GG,,GG,CC,GG,GG,GG,GG,TT,CC,CC,AA,CG,GG,CC,,TC,AA,,,AG,,AG,TT,,AG,CC,CC,GG,TG,TT,CC
zt250,AG,TC,AA,AG,TT,AG,AA,CC,GG,AA,AA,AG,TT,TT,GG,AA,,CC,TT,TG,TC,GG,CC,GG,CC,TT,TT,TC,TT,CC,AG,GG,AG,TT,CC,GG,AG,AG,CC,TT,TC,GC,GG,CC,GG,CC,CC,TT,AG,,CC,AG,AT,GG,TC,AG,GG,CC,CC,GG,TT,TT,CC
zt251,GG,TC,GG,GG,GG,GG,AA,AC,AA,GG,AG,AA,,TT,AA,GG,AA,AA,TT,GG,CC,GG,CC,GG,,CC,TT,CC,TC,CC,AG,,GG,TT,CC,GG,AG,GG,GG,AA,CC,CC,AG,CC,CC,CC,CC,TC,GG,TC,,GG,TT,AG,TC,GG,GG,CC,TC,GG,TG,TT,CC
zt253,AA,TT,AA,GG,TT,GG,AA,CC,GG,GG,AA,AG,TC,TC,AA,GG,AA,AA,CC,TG,TC,AG,CC,AG,CC,CC,TG,CC,CC,TC,GG,GG,AG,TT,TC,GG,GG,GG,CC,TT,TC,CC,AG,CC,CC,TC,TC,TT,GG,TT,CC,AG,AA,AG,TT,GG,GG,TC,CC,AG,TT,TT,TC
zt254,AG,TT,AG,GG,GG,AG,AA,CC,GG,AG,AA,AA,CC,CC,AG,AG,GG,AC,CC,TG,TC,AG,,GG,GG,TC,TG,TC,TT,CC,AG,GG,GG,TG,TC,GG,AG,GG,CG,,TC,CC,,CC,CG,CC,CC,TT,AG,TT,CC,AG,AA,AG,CC,,AG,CC,CC,AG,TT,TG,CC
zt258,AG,,,GG,TT,AG,AA,CC,GG,GG,AA,AG,CC,TC,AA,GG,,AA,CC,GG,CC,GG,CC,GG,,CC,TT,CC,CC,CC,AG,AG,,,CC,GG,GG,GG,GG,,TC,CC,GG,CC,GG,CC,TC,TC,GG,TT,CC,GG,AT,GG,TT,,GG,TC,TC,GG,TT,TT,CC
zt260,,TT,,GG,TT,,,,AA,,GG,AA,TC,CC,,,,AC,TT,TG,,GG,TC,GG,CC,TT,TG,TC,TT,,AG,AG,GG,,TC,GG,,GG,CG,TT,TC,CC,GG,,CC,CC,CC,TT,,CC,,AA,AA,,TC,AG,GG,CC,CC,GG,TG,TT,TC
zt261,GG,TT,AG,AA,GG,GG,AA,CC,AG,GG,AG,AA,CC,TC,AA,GG,GG,AA,TT,TT,TC,GG,TC,GG,CG,CC,TT,CC,TC,CC,AA,AA,GG,TG,TC,GG,AA,AA,CG,TT,CC,GG,AG,CG,CG,CC,,TC,AG,TC,CC,AA,AT,AG,TT,AG,GG,CC,CC,AG,TT,TT,CC
zt262,GG,TC,GG,GG,GG,GG,AA,CC,GG,AG,AA,AG,TC,TC,AG,AG,AG,AC,TC,GG,CC,GG,CC,GG,,TC,TT,TT,TT,CC,AG,GG,GG,TT,CC,AG,AG,GG,GG,TT,CC,CC,AG,CC,CC,CC,CC,TT,GG,TT,TC,AG,AA,AG,TT,GG,AA,TC,CC,AG,TG,TG,TC
zt263,AA,TT,GG,GG,TT,GG,AA,CC,AG,GG,AA,AA,TC,TT,AA,GG,AA,AA,TC,GG,CC,GG,CC,GG,CC,CC,TG,CC,TT,CC,AA,GG,GG,GG,CC,GG,AG,GG,GG,TT,CC,CC,AA,CC,GG,,TC,TT,GG,TC,CC,AG,AA,AG,CC,AA,AG,CC,CC,AG,TT,TG,CC
zt264,GG,TT,GG,AG,GG,GG,AG,CC,GG,GG,AG,AA,CC,CC,AA,GG,AG,AA,CC,GG,CC,AG,CC,AG,CG,CC,TG,CC,CC,TC,AG,AA,AG,GG,CC,AG,GG,AG,GG,TA,TC,GC,AA,CC,CG,CC,TC,TC,GG,TT,CC,AA,AA,AG,TC,AA,AA,TC,CC,GG,TG,TT,TC
zt267,AA,TT,GG,GG,TG,GG,AA,CC,GG,,AG,AA,CC,TT,AA,GG,AG,AA,CC,GG,CC,AG,CC,GG,CC,CC,TG,,TT,,AG,GG,GG,GG,CC,GG,AG,GG,GG,TT,CC,CC,GG,CC,CG,CC,CC,TT,AG,,TT,AG,TT,AA,,GG,AA,CC,CC,GG,TT,TT,CC
zt268,GG,TT,GG,,GG,,AA,AC,GG,GG,AA,AA,TC,,AA,GG,GG,AA,TT,TG,CC,GG,,GG,CC,CC,,TC,TT,CC,GG,GG,GG,TG,TC,GG,GG,AG,CG,TA,CC,,GG,CG,,CC,TC,CC,AG,TC,CC,GG,,AG,TT,AG,AA,,CC,,TG,TT,CC
zt273,,TT,GG,GG,TT,GG,AA,CC,GG,GG,AA,AA,TC,CC,AA,GG,GG,AA,TC,GG,CC,GG,CC,GG,CG,CC,TG,TC,TC,CC,AG,GG,GG,TG,CC,AG,AG,GG,GG,AA,CC,CC,AG,CC,CC,,,TT,GG,TT,CC,AA,AA,AG,TT,AA,GG,TC,CC,GG,GG,TG,TC
zt275,GG,TT,AA,GG,GG,GG,AA,CC,GG,AG,AA,GG,CC,CC,AG,AG,,AC,TC,TT,TT,GG,TT,GG,GG,TC,GG,CC,TT,CC,GG,AG,AG,TT,TC,AG,GG,GG,CC,TT,TC,CC,AA,CG,CG,TC,TC,TT,AA,TC,CC,GG,AA,GG,TT,AG,GG,TT,CC,AG,TT,TT,TC
zt280,AA,TC,GG,AA,TT,GG,AG,CC,GG,GG,AG,AG,CC,TT,AA,GG,AG,AA,CC,TG,,GG,CC,GG,CC,CC,TG,TC,CC,CC,AG,GG,AG,GG,CC,GG,AG,AA,CG,TA,TC,GG,AG,CC,CC,TC,TC,TC,GG,TC,CC,AG,AA,AG,TT,AG,GG,TC,TC,AG,TG,GG,CC
zt281,AG,TT,GG,GG,TT,GG,AA,CC,AA,GG,AG,AA,TC,TC,AA,GG,GG,AA,CC,TG,CC,GG,CC,GG,CG,CC,TT,CC,TC,CC,AG,GG,GG,TG,TT,GG,AG,GG,GG,AA,TC,CC,AG,CC,CG,TC,CC,TC,GG,TT,CC,AG,AT,AG,TC,AA,GG,TC,CC,GG,TT,GG,TC
zt282,AA,TC,AG,GG,GG,GG,AA,AA,GG,GG,AA,AA,CC,TT,AA,GG,AG,AA,CC,TG,TC,GG,TC,GG,,CC,TT,CC,TT,CC,AG,GG,GG,GG,TC,GG,AG,GG,CG,TA,CC,CC,GG,CG,GG,CC,CC,TC,AG,CC,CC,AG,TT,AA,CC,,GG,CC,TT,GG,GG,TG,TC
zt284,GG,TT,GG,AG,TT,AG,AA,CC,GG,GG,GG,AA,TC,TC,AA,GG,,AC,TC,GG,CC,AG,TT,GG,CG,CC,TT,TC,TT,CC,GG,GG,AG,TG,TC,GG,GG,AG,GG,TT,TC,GC,AG,CG,GG,TC,TT,TC,AG,TT,TC,GG,AT,AA,TC,GG,GG,TC,TC,AG,TG,TT,CC
zt285,,TT,GG,GG,GG,AG,GG,CC,GG,,AG,GG,TT,TT,AG,AG,,AC,TC,GG,CC,GG,TC,GG,CG,TC,TG,CC,TT,CC,AG,GG,GG,TT,CC,AG,AG,GG,GG,TA,CC,CC,AG,CC,CG,TC,,CC,AG,TT,CC,AA,AA,AG,CC,GG,AA,TT,CC,GG,TT,TT,CC
zt288,AG,TT,,GG,TT,GG,AA,,GG,AG,AA,AA,TC,TT,AG,,AG,AC,CC,TG,CC,GG,,GG,CC,TC,GG,CC,TT,CC,GG,GG,GG,GG,CC,AG,GG,GG,GG,TT,TC,CC,GG,CG,CG,TT,CC,TC,GG,TT,CC,AA,,,TC,AA,AG,TC,CC,GG,,TT,TC
zt289,,TT,AG,GG,TT,GG,AA,CC,GG,GG,AA,AA,TT,TC,AA,GG,AA,AA,CC,GG,CC,AG,,GG,CC,CC,TG,CC,TT,CC,GG,,AG,GG,TT,GG,,GG,GG,,CC,CC,,CG,CG,CC,TC,TC,GG,TT,CC,AG,,AG,CC,AA,GG,TT,CC,AG,TT,GG,CC
zt290,GG,TC,GG,GG,GG,GG,,AC,AG,GG,GG,AG,TC,CC,AA,GG,GG,AA,TC,GG,CC,GG,TT,GG,GG,CC,GG,TC,TC,CC,GG,AG,GG,GG,TC,GG,GG,GG,GG,TA,CC,CC,GG,CG,CG,CC,CC,TC,AG,TT,,AG,AA,AG,CC,AG,,CC,TC,AG,TG,TG,CC
zt292,GG,TT,GG,GG,GG,GG,AG,CC,AG,GG,AG,AA,TC,TC,AA,GG,GG,AA,CC,GG,CC,AG,TC,GG,CC,CC,TT,CC,TC,CC,GG,GG,AG,GG,TC,AG,GG,GG,GG,TA,CC,GC,GG,CC,GG,CC,TT,TC,AG,TC,CC,AA,AA,GG,TC,AA,AG,,CC,GG,TT,TT,CC
zt293,AA,TT,AA,GG,GG,GG,AG,CC,GG,GG,GG,AA,TC,TT,AA,GG,AG,AA,TC,TG,TC,AG,TT,GG,,CC,TT,TT,TC,CC,AG,GG,GG,TT,TC,GG,AG,GG,CC,TT,CC,CC,GG,CG,CG,TC,TC,TT,GG,TC,CC,AG,TT,AA,TT,AA,AA,TC,CC,GG,TT,TT,CC
zt295,GG,TC,AG,GG,GG,GG,AA,AC,GG,GG,AG,AA,TC,TT,AA,GG,GG,AA,TC,GG,CC,AG,CC,GG,CC,CC,TT,CC,TC,CC,AG,AG,GG,TG,TC,GG,GG,GG,CG,TT,CC,CC,GG,CC,CG,TC,TT,TC,AG,CC,CC,AA,TT,AG,TC,GG,GG,CC,CC,GG,TG,TT,CC
zt298,,TT,AG,GG,GG,,,AC,GG,AG,AA,GG,TC,TT,AA,GG,,AA,TT,TG,CC,AG,CC,AG,CC,,,TC,CC,TC,AG,GG,AG,GG,TT,GG,AG,GG,CG,TA,TC,CC,AA,CC,CG,TC,,TC,AA,TT,,AG,TT,AG,CC,AA,AG,TT,CC,AG,TT,TG,
zt299,,TC,AA,GG,GG,GG,AA,CC,GG,GG,GG,AA,TT,TC,AA,GG,AG,AA,CC,GG,CC,GG,CC,GG,CC,CC,TT,TC,TC,CC,AG,GG,GG,TG,CC,AG,GG,GG,CG,TT,TC,CC,AA,CC,CC,CC,CC,TC,AG,TC,TC,GG,AA,AA,TC,AA,,CC,CC,GG,GG,TG,CC
zt3,GG,TC,AG,GG,TG,AG,AA,CC,GG,AG,AG,AG,TC,TT,AG,AG,AA,AC,CC,TT,TC,AG,TC,AG,CC,TC,TG,CC,TT,CC,AA,GG,AG,GG,TT,GG,,GG,CG,AA,CC,CC,AG,CC,CG,CC,,TC,GG,TC,CC,GG,AT,AG,TC,AA,GG,TC,CC,GG,TT,TT,TC
zt300,,TT,GG,GG,,GG,AG,AA,GG,AG,GG,AA,TC,TT,AA,GG,GG,AA,,GG,CC,AG,,GG,CC,CC,,CC,TC,CC,AA,,AG,TG,CC,GG,GG,GG,GG,TA,CC,,,CC,GG,,TC,TC,AG,TT,TC,,AT,AA,TT,AG,GG,CC,CC,GG,TG,TT,TC
zt301,AA,TT,AG,GG,GG,AG,AA,AC,GG,GG,AG,AG,TT,TT,AA,GG,GG,AA,CC,TG,TC,GG,CC,AG,CC,CC,TT,TC,TT,CC,AG,AG,GG,TT,CC,AG,AG,GG,CG,TT,CC,CC,AG,CC,GG,CC,TC,TC,AG,TT,TC,AG,AT,AG,TC,AA,GG,TT,TC,GG,TT,TT,CC
zt302,GG,TC,AA,GG,TT,GG,AA,CC,GG,AG,AG,AA,CC,CC,AG,AG,GG,AC,CC,TG,CC,GG,TC,GG,GG,TC,TG,TC,TC,CC,AG,AG,GG,TG,CC,AG,AG,GG,CG,TT,TC,CC,GG,CC,CG,TC,CC,TT,GG,TC,CC,GG,AA,AA,CC,AG,AG,TC,CC,GG,TG,TT,TC
zt303,AG,TT,GG,GG,TG,AG,AG,AC,GG,AG,AA,AA,,TT,AA,GG,,AA,,GG,CC,GG,CC,,CG,CC,TG,CC,CC,,AG,,GG,GG,CC,GG,GG,GG,GG,TA,TC,CC,GG,CG,CG,CC,TC,,AG,TT,CC,AA,,GG,TC,GG,,CC,CC,GG,GG,,CC
zt306,AG,TT,AA,GG,TT,AG,AG,CC,GG,GG,AG,GG,TT,TC,AA,GG,AG,AA,TT,TT,TT,AG,CC,GG,,CC,TT,TT,TC,CC,AG,GG,AG,TG,CC,AG,AG,GG,CC,TA,CC,CC,GG,CC,CG,CC,CC,TC,GG,TT,CC,AA,AT,AA,TC,AG,GG,CC,TT,GG,TT,TG,TC
zt317,GG,TT,GG,GG,GG,GG,AA,CC,GG,AG,AG,AA,TT,CC,AG,AG,AG,AC,CC,GG,CC,GG,CC,GG,GG,TC,TT,CC,TC,CC,AA,GG,GG,TG,TC,GG,AA,GG,GG,TT,CC,CC,GG,CC,GG,CC,CC,TC,AA,TT,CC,AG,AA,AG,TC,AG,GG,,CC,GG,TG,TT,TC
zt318,GG,TT,AA,AG,TT,AG,GG,CC,GG,GG,AA,GG,TC,CC,AA,GG,AG,AA,TC,GG,CC,GG,CC,GG,,CC,TT,CC,TC,CC,GG,GG,GG,TG,CC,GG,GG,AG,CG,TA,TC,GC,GG,CC,CG,TT,TC,CC,GG,TT,TC,GG,AA,AG,TC,AA,AA,TT,CC,GG,TG,TT,TC
zt319,AG,TT,GG,AG,TT,GG,AA,CC,GG,GG,AG,AG,TC,TT,AA,GG,AG,AA,CC,TG,TC,GG,CC,GG,CC,CC,TT,CC,TT,CC,GG,GG,GG,GG,CC,GG,GG,AG,CG,TT,TC,GC,AG,CC,GG,CC,CC,TC,AG,TT,CC,AA,AT,AA,CC,AA,GG,TC,CC,AG,TT,TG,TC
zt320,AA,TT,GG,GG,TT,GG,AA,AC,GG,GG,,AA,TT,TC,AA,GG,AG,AA,CC,GG,CC,GG,CC,GG,CG,CC,TT,CC,TT,CC,AG,GG,GG,GG,TC,GG,AG,GG,GG,TT,CC,CC,GG,CG,GG,TC,CC,TC,GG,TT,CC,AG,AA,AG,CC,AA,AG,CC,TC,GG,TT,TG,CC
zt323,AA,CC,GG,GG,GG,AG,AA,CC,GG,GG,AG,AA,TC,CC,AA,GG,GG,AA,TC,GG,CC,GG,CC,GG,GG,CC,TT,TC,TT,CC,GG,GG,GG,TT,CC,GG,GG,GG,GG,TT,TC,CC,GG,CC,CC,CC,CC,TC,AA,TT,TC,AA,TT,AG,CC,AA,GG,TC,TC,AG,TG,TT,CC
zt324,AG,TT,GG,AG,GG,AG,AA,AC,GG,GG,AA,AA,TT,TC,AA,GG,AA,AA,TC,GG,CC,GG,CC,GG,CC,CC,TG,CC,TT,CC,AA,GG,GG,TG,TC,AG,AA,AG,GG,TA,CC,GC,GG,CC,GG,TC,CC,TC,GG,TT,,AG,AA,GG,TT,,GG,TC,CC,AG,GG,TG,CC
zt325,,TT,AA,GG,TG,AA,AA,AC,GG,GG,,AA,TT,TT,AA,GG,GG,AA,TT,TG,,AG,CC,GG,CC,TC,TT,TC,TT,CC,GG,GG,AG,TG,CC,GG,GG,GG,CG,AA,TC,CC,AA,CC,GG,TT,TT,TT,GG,TT,TC,AA,,AA,,GG,AG,CC,TC,GG,TT,TT,CC
zt326,GG,TT,AG,GG,TT,AG,AA,CC,GG,GG,AG,AG,TC,TT,AA,GG,GG,AA,CC,TG,TC,GG,CC,AG,CG,CC,TG,TC,TT,TC,GG,GG,GG,GG,TC,GG,GG,GG,CG,TA,CC,CC,GG,CG,GG,CC,CC,CC,AA,TT,CC,GG,AT,GG,CC,GG,GG,TC,CC,GG,TT,TT,CC
zt327,AG,TC,GG,GG,GG,AG,AA,CC,GG,GG,AA,AA,TC,TC,AA,GG,AA,AA,CC,GG,CC,GG,CC,GG,CC,CC,TT,TC,TC,CC,AA,GG,GG,TG,CC,GG,AA,GG,GG,,CC,CC,GG,GG,CG,CC,CC,CC,GG,TT,CC,GG,TT,GG,TT,AA,AG,TC,CC,GG,TT,TG,CC
zt329,AA,TT,AG,GG,TT,GG,AA,CC,AG,GG,AA,,CC,TT,AA,GG,AA,AA,CC,TT,TC,GG,CC,GG,CG,CC,TT,TC,TC,TC,AG,AG,GG,GG,CC,GG,GG,GG,CG,TA,TC,,AG,CC,CG,TC,TC,TC,AA,TC,CC,AA,AA,AG,TC,AG,,TT,TC,AG,TT,GG,
zt330,AA,TT,GG,GG,TT,GG,AG,,AG,GG,AA,AG,TC,TT,AA,GG,AG,AA,TC,GG,,GG,CC,GG,CC,,TT,,CC,,GG,,,TT,CC,GG,GG,GG,GG,TT,,CC,,CG,,CC,TC,TT,,TC,CC,AA,AA,AA,CC,AG,GG,TC,CC,,TT,TG,CC
zt331,AG,TC,GG,AG,GG,AG,AA,CC,AG,GG,GG,AG,TC,CC,AA,GG,AG,AA,TC,GG,CC,GG,CC,AG,CC,CC,TG,TC,TC,CC,GG,GG,GG,TG,CC,GG,GG,AG,GG,TA,CC,GC,GG,CG,,TC,TC,TT,GG,TT,TC,AG,AA,AG,TC,AA,AG,TT,TC,AG,GG,TT,TC
zt332,AG,TC,AG,GG,TT,GG,AG,CC,GG,GG,AG,GG,TT,TT,AA,GG,GG,AA,TC,TG,TC,GG,CC,AG,GG,CC,TG,CC,TC,TC,AG,GG,GG,TG,CC,GG,AG,GG,CG,TA,TC,CC,AA,CG,GG,CC,CC,TC,AG,TC,CC,AA,TT,AA,TC,GG,AG,TC,CC,GG,TG,TT,CC
zt333,GG,TC,GG,GG,TT,GG,AA,AC,GG,GG,AG,AA,CC,CC,AA,GG,AG,AA,CC,GG,CC,AG,CC,GG,GG,CC,TT,TC,TC,CC,AG,AG,AG,TG,CC,GG,AG,GG,GG,TA,TC,GC,AG,CG,GG,,TC,CC,GG,TC,CC,AA,AA,GG,CC,GG,AA,TC,CC,GG,TG,TT,CC
zt334,AG,TC,AG,GG,TT,AG,AA,AC,GG,AG,AG,AG,TC,CC,AG,AG,GG,AC,CC,TT,TC,GG,TC,GG,GG,TC,TG,TC,TC,CC,GG,GG,GG,GG,TC,GG,GG,GG,CG,TA,TC,CC,GG,CC,GG,TC,TC,TT,GG,TC,CC,AG,AA,AA,CC,AG,AG,CC,CC,GG,TG,TT,CC
zt337,AA,TT,AG,GG,TT,AG,AA,CC,GG,GG,AA,AA,CC,TT,AA,GG,AG,AA,CC,GG,CC,GG,CC,GG,GG,CC,TT,TC,TT,CC,GG,AG,GG,GG,CC,GG,GG,GG,GG,TA,CC,CC,GG,CG,CG,TC,TC,TT,GG,TT,CC,GG,AT,GG,CC,GG,GG,TC,CC,GG,TT,TT,TC
zt338,GG,TT,GG,GG,TT,GG,AA,CC,GG,AA,AG,AA,TT,CC,GG,AA,AG,CC,CC,TG,CC,AA,CC,GG,CC,TT,TG,CC,TT,CC,GG,AG,GG,TG,CC,AG,GG,GG,GG,AA,CC,CC,GG,CG,CG,CC,CC,TT,GG,TC,,GG,AA,AA,CC,AG,AG,TC,TC,GG,TT,TT,CC
zt341,GG,TC,AG,GG,TT,GG,AA,CC,AG,AG,AG,GG,TC,TC,AG,AG,GG,AC,CC,TG,CC,GG,CC,GG,CC,TC,TT,TC,TC,TC,AG,GG,AG,GG,TC,GG,GG,GG,GG,TA,TC,CC,AG,CC,GG,TT,TC,TC,GG,TT,CC,AA,AA,AA,CC,AA,AG,TT,CC,AG,TG,TG,TC
zt342,GG,TT,AA,GG,TT,AG,AA,CC,GG,GG,AA,AG,TC,CC,AA,GG,GG,AA,TC,TG,TC,AA,CC,GG,GG,CC,TT,CC,TC,CC,GG,GG,AG,TG,CC,GG,GG,GG,CG,AA,CC,CC,GG,CG,GG,CC,TC,TT,GG,TC,CC,AA,AA,AA,TC,AG,GG,TC,CC,GG,GG,TT,TC
zt360,AG,TC,AG,GG,TT,GG,,AC,AG,AG,,GG,CC,TC,AG,AG,AA,AC,CC,TG,TC,GG,CC,GG,CG,TC,TT,TC,TC,CC,AG,AG,GG,GG,TC,GG,GG,GG,CG,TA,TC,CC,AG,CG,CG,CC,TT,CC,AG,CC,CC,AG,AT,AG,CC,AA,AA,,CC,GG,TG,TG,TC
zt361,AA,TT,GG,GG,TT,AG,AA,CC,AG,GG,AA,AA,TC,TT,AA,GG,GG,AA,TC,GG,CC,GG,TC,GG,GG,CC,TT,CC,TC,CC,AG,GG,GG,TT,TC,GG,AG,GG,GG,TT,TC,CC,GG,CC,CC,CC,TT,TT,AG,TT,TC,AG,AT,AG,TT,AA,AA,TC,CC,GG,TG,TT,CC
zt362,AG,TC,AA,GG,TT,GG,AG,CC,GG,GG,AG,AA,TC,TC,AA,GG,AA,AA,TC,TG,TC,AG,CC,AG,GG,CC,TT,TC,TC,CC,GG,AG,GG,TT,CC,AG,GG,GG,CG,TA,TC,CC,AA,CC,GG,TC,TT,CC,AA,TC,CC,GG,AA,GG,CC,AG,AG,TT,CC,GG,TG,TT,TC
zt380,AA,TT,GG,AG,GG,AG,GG,CC,GG,GG,AG,AA,TC,TT,AA,GG,GG,AA,CC,GG,CC,GG,TT,GG,GG,CC,TT,CC,TC,CC,AA,AG,GG,TG,TC,AG,AG,AG,GG,TA,CC,GC,GG,CC,CG,CC,TC,TC,GG,TC,CC,AG,AT,AG,TT,AG,AG,TC,TC,GG,TT,TT,CC
zt381,AG,CC,AG,GG,TT,GG,AA,CC,GG,GG,AA,AG,TC,CC,AA,GG,AA,AA,TC,GG,TC,GG,CC,GG,,CC,TT,TC,TC,CC,GG,GG,GG,TG,CC,GG,GG,GG,GG,TA,TC,CC,GG,GG,CG,CC,TC,TC,AG,TT,CC,AG,AA,GG,CC,AG,AG,CC,CC,GG,TG,TG,CC
zt382,GG,TT,AG,AG,GG,GG,AA,CC,GG,GG,AG,AG,TT,TT,AA,GG,AA,AA,CC,GG,CC,GG,CC,AG,CC,CC,TG,TC,TT,CC,GG,GG,AG,TG,TC,GG,GG,AG,GG,TA,CC,GG,AG,CC,CG,CC,TC,TT,AA,TC,CC,AG,TT,AA,TC,AG,AG,TC,CC,AG,TG,TT,TC
zt383,AG,TT,AA,GG,TT,AG,AG,CC,GG,GG,AG,AG,TC,CC,AA,GG,AG,AA,CC,TG,TC,GG,CC,GG,GG,CC,TT,CC,TC,CC,AG,AG,AG,GG,CC,GG,GG,GG,CG,TA,CC,CC,AG,CC,CG,CC,TT,CC,AA,TC,CC,AG,AA,AG,TC,AA,AG,TC,CC,GG,TT,GG,CC
zt384,AG,TT,AG,GG,TT,GG,AA,CC,GG,GG,GG,AA,TC,TT,AA,GG,GG,AA,CC,GG,CC,GG,CC,GG,CC,CC,TG,TC,TC,CC,GG,GG,GG,TT,TC,AG,GG,GG,GG,TA,TC,CC,AG,CG,CG,TC,TC,TT,AG,TT,TC,GG,AT,AG,TC,GG,AG,CC,CC,GG,TT,TG,CC
zt385,GG,TC,AG,AA,TT,GG,AA,CC,AA,AG,GG,AA,TC,TC,AG,AG,GG,AC,TC,TT,TC,AA,CC,GG,CC,TC,TT,CC,TC,CC,GG,AG,GG,TG,CC,GG,GG,AA,CG,TA,TC,GG,GG,CG,CG,TC,CC,TC,GG,TC,CC,GG,AT,AG,TC,AG,AG,TT,CC,AG,TG,TG,TC
zt387,AA,TT,AG,GG,TT,AG,AG,CC,AG,AG,AG,AG,CC,CC,AG,AG,AA,AC,TC,TG,TC,AG,TT,GG,GG,TC,TT,TC,TT,CC,AG,AG,AG,GG,CC,AA,GG,GG,CG,TA,CC,CC,AA,CG,CG,TC,TC,TT,GG,TT,CC,AA,AA,AG,TC,AG,GG,TC,TC,AG,TG,TT,CC
zt388,AG,TC,AG,AG,TT,GG,AA,CC,GG,GG,AG,AG,TT,TC,AA,GG,AA,AA,CC,GG,TC,GG,CC,GG,CC,CC,TT,TT,CC,CC,AG,GG,GG,TG,TC,GG,AG,AG,GG,TA,TT,GC,AG,CG,CG,CC,CC,CC,GG,TT,CC,AG,AT,GG,CC,AG,GG,TC,CC,GG,TT,TT,CC
zt389,AG,TC,AG,GG,TT,GG,AA,CC,GG,AG,AG,AG,,TC,AG,AG,,AC,TC,TG,CC,AG,TC,GG,CG,TC,TT,TC,TT,CC,AG,GG,GG,TT,CC,GG,AG,GG,GG,TA,TC,CC,GG,CG,CG,CC,TC,TT,GG,TT,TC,AG,AT,AG,TC,AA,AG,TC,CC,AG,TT,TT,CC
zt390,GG,TC,AG,AA,GG,AG,AA,CC,GG,GG,AG,GG,TT,CC,AA,GG,GG,AA,CC,TG,TC,AG,CC,GG,GG,CC,TT,TC,TT,CC,GG,GG,AG,TG,CC,AG,GG,AA,CG,TT,CC,GG,AG,CC,GG,CC,CC,TC,AG,TT,CC,GG,AA,AA,TC,AG,AA,TT,CC,GG,TG,TT,TC
zt391,AA,TC,GG,GG,TT,GG,AG,CC,GG,GG,AG,AG,TT,TC,AA,GG,AA,AA,CC,GG,CC,AG,TC,GG,GG,CC,TT,CC,TT,CC,GG,GG,AG,TT,TC,AG,GG,GG,GG,TT,TT,CC,GG,CC,GG,TC,TC,TC,GG,CC,CC,AA,AT,AA,CC,GG,AG,TT,CC,GG,TG,TT,CC
zt393,AA,TT,GG,GG,TT,AA,AA,CC,GG,GG,AG,AA,TT,CC,AA,GG,GG,AA,CC,TG,CC,GG,CC,GG,CC,CC,TT,TC,TC,CC,AG,GG,GG,GG,CC,AA,AG,GG,GG,TT,CC,CC,GG,CC,CG,TC,CC,CC,GG,TT,TC,AA,AA,AG,TT,AG,AG,TT,TC,AA,TT,TG,TT
zt394,AG,TT,AG,GG,GG,GG,AA,AC,AG,GG,AG,AA,CC,TC,AA,GG,GG,AA,TC,TG,TC,GG,TC,GG,GG,CC,TG,CC,TC,CC,GG,GG,AG,TT,TC,GG,GG,GG,CG,TT,CC,CC,AG,CC,CG,TC,CC,TC,GG,TC,TC,AG,AT,AG,TC,AG,GG,CC,CC,GG,TG,TT,TC
zt395,AG,TC,AA,GG,GG,AG,AG,CC,GG,GG,AG,AG,TT,TC,AA,GG,AA,AA,CC,TT,TT,AG,CC,AG,CC,CC,TT,CC,TT,TC,GG,AG,GG,TG,TT,AG,GG,GG,CC,TA,CC,CC,AG,CC,CC,TC,TC,TC,GG,TT,TC,AG,AT,AG,CC,GG,AA,CC,TC,AG,TG,TG,TC
zt396,AG,TT,AG,GG,TT,GG,AG,AC,AG,GG,AG,AG,CC,TC,AA,GG,AG,AA,TC,TG,CC,AG,TC,AG,,CC,GG,CC,TT,TC,GG,GG,AG,TT,CC,AG,GG,GG,GG,TA,TC,GC,AG,CC,GG,TC,TC,TT,AG,CC,CC,AG,AA,AA,CC,AA,GG,TC,CC,GG,TG,TG,CC
zt399,GG,CC,GG,AG,TT,GG,AA,AC,GG,GG,AA,GG,TC,CC,AA,GG,GG,AA,TC,GG,CC,GG,TC,GG,GG,CC,TT,CC,TT,CC,GG,GG,GG,TT,CC,AG,GG,AG,GG,TT,CC,GC,AG,CG,CC,TT,TC,CC,GG,TC,CC,AA,AA,AA,CC,AA,AG,,CC,AG,TT,TT,TC
zt4,GG,TT,GG,GG,TT,AG,GG,CC,AG,GG,AA,AA,TT,CC,AA,GG,AG,AA,CC,GG,CC,AG,TC,GG,CG,CC,TT,TC,TT,CC,AG,GG,AG,TG,CC,AG,GG,GG,GG,TA,TC,GG,GG,CG,GG,TC,TC,TC,AG,CC,,GG,AA,GG,TT,,AG,TC,CC,GG,TG,TG,CC
zt40,GG,TC,AG,AG,TT,GG,AA,CC,AG,GG,AG,AG,TC,CC,AA,GG,AA,AA,TT,GG,CC,GG,CC,GG,GG,CC,TG,TC,TC,CC,AA,GG,AG,TG,TC,GG,AG,AG,CG,TA,CC,GC,AG,CC,GG,TC,TT,CC,AG,TT,CC,GG,AA,AA,TT,GG,AA,TC,TC,GG,GG,TT,CC
zt400,AG,TC,AA,GG,GG,GG,AA,AC,GG,AG,AA,AG,CC,TC,AG,AG,GG,AC,CC,TT,TT,AG,CC,GG,GG,TC,TG,TC,CC,CC,GG,GG,GG,TG,CC,AG,GG,GG,CC,TA,CC,CC,AG,CC,CC,CC,CC,TC,AA,TT,CC,AA,AT,AG,TT,AA,GG,CC,TC,GG,TG,TG,TC
zt401,AG,TT,AG,AG,TT,AG,AA,CC,AG,AG,AA,AG,TC,CC,AG,AG,AA,AC,TC,GG,CC,AA,CC,GG,GG,TC,TT,TC,TT,CC,GG,AA,AG,TT,CC,GG,GG,AG,GG,AA,TC,GC,AG,CG,CG,TC,TC,TC,AG,TT,CC,AG,AA,AG,TC,GG,GG,TC,TC,AA,TT,TT,TC
zt402,GG,TT,GG,AG,TT,AG,AA,CC,GG,GG,AG,AA,CC,CC,AA,GG,AA,AA,TC,GG,CC,AG,CC,GG,CC,CC,TT,TC,TT,CC,AG,GG,AG,TG,CC,GG,AG,AG,GG,TT,CC,GC,AG,CC,CG,CC,TC,CC,AG,TT,CC,AA,AA,AG,TT,AG,AG,CC,CC,AG,GG,TG,CC
zt403,AG,TC,AG,AG,TT,AG,AA,CC,GG,GG,AA,AG,TC,TT,AG,AG,AG,AC,CC,TG,TC,AG,CC,GG,GG,TC,TT,TC,TT,CC,AG,GG,AG,TT,TC,AA,AG,AG,CG,AA,TC,GC,GG,CC,GG,TC,CC,TT,AG,TT,CC,AG,AT,GG,TT,AA,AG,TC,TC,GG,GG,TT,CC
zt404,AG,TT,AG,GG,TT,GG,AA,CC,GG,GG,AG,AA,TT,TC,AA,GG,GG,AA,TC,TT,TC,GG,CC,GG,GG,CC,TT,TC,TC,CC,GG,AG,GG,TG,CC,GG,GG,GG,CG,TT,TC,CC,AG,CC,CG,TT,TC,TT,AA,TT,CC,AA,AA,AG,TC,GG,AG,TT,CC,AG,TG,TT,CC
zt406,AG,TC,AG,GG,TT,AG,AA,CC,GG,GG,AA,AA,TC,CC,AA,GG,AG,AA,TC,TT,TC,GG,CC,GG,GG,CC,TT,TC,TC,CC,GG,AG,GG,TT,CC,GG,GG,GG,CG,TA,TC,CC,AG,CG,CG,TT,TC,TT,AG,TT,CC,AG,AA,GG,CC,GG,AG,TC,CC,GG,TG,TT,CC
zt409,GG,TT,GG,GG,TT,AG,AA,AC,GG,AG,AA,AG,TT,TC,AG,AG,AA,AC,CC,GG,CC,GG,CC,GG,GG,TC,TT,TC,TT,CC,AA,GG,GG,GG,TC,AG,AA,GG,GG,TT,CC,CC,AG,CC,CC,TT,TT,TT,GG,TT,TT,GG,AA,GG,TC,AG,AG,CC,CC,AG,TG,TT,TC
zt41,GG,CC,GG,GG,TT,AG,AA,CC,GG,GG,AG,AG,TT,TC,AA,GG,AA,AA,CC,GG,CC,AG,CC,GG,GG,CC,TT,CC,TT,TC,GG,GG,AG,TG,TC,GG,GG,GG,CG,TT,TC,CC,AA,CG,CC,TC,CC,CC,AG,CC,TC,GG,AT,AG,CC,AG,AA,CC,CC,AG,TT,TT,TC
zt410,AG,TT,AG,GG,GG,AA,AA,AC,GG,GG,AA,AG,CC,TC,AA,GG,GG,AA,CC,GG,CC,AG,TT,GG,GG,CC,TT,TC,TT,CC,GG,GG,AG,TT,TC,GG,GG,GG,GG,TA,TC,GC,GG,CC,CC,CC,CC,CC,GG,TT,CC,AA,AT,AG,CC,GG,AA,CC,TT,GG,TT,TT,TC
zt411,GG,TC,GG,GG,TT,AG,AA,AC,AG,AG,AG,AG,CC,TC,AG,AG,GG,AC,CC,GG,CC,GG,TC,GG,GG,TC,TT,CC,TT,CC,GG,GG,GG,TG,CC,AG,GG,GG,CG,TT,TC,GC,AG,CC,CG,TC,TC,TT,GG,TC,CC,GG,AT,GG,TC,GG,AA,TC,CC,GG,TT,TG,CC
zt412,AG,TC,AG,GG,TT,AA,AA,AC,GG,GG,GG,AG,CC,TC,AA,GG,AG,AA,CC,TG,CC,AG,CC,GG,GG,CC,TT,TC,TC,TC,AG,GG,GG,GG,TT,AG,GG,GG,GG,AA,TT,CC,GG,CC,CG,CC,TC,TT,GG,TT,,AG,AT,AA,TT,AA,AG,CC,CC,AG,GG,TT,CC
zt413,AG,TT,GG,GG,GG,AG,AG,CC,AG,GG,AG,AG,TC,TC,AA,GG,AG,AA,CC,GG,CC,AG,CC,GG,GG,CC,TT,CC,TT,CC,AG,AG,GG,GG,TC,GG,AG,GG,GG,TT,CC,GC,AG,CC,CC,TC,TC,CC,AG,TT,CC,AG,AT,GG,TT,GG,GG,TT,TC,AG,GG,TT,TC
zt414,GG,TC,AG,GG,GG,GG,GG,AC,GG,GG,AG,AA,CC,CC,AA,GG,AA,AA,TT,TG,TC,GG,CC,GG,GG,CC,TG,CC,TT,CC,GG,GG,GG,TG,CC,AG,GG,GG,CG,TA,TC,CC,AG,CC,CC,TC,TC,TT,GG,TC,TC,GG,AA,AA,TC,AG,AG,CC,TC,GG,TG,TG,TC
zt415,GG,TC,AG,GG,TT,GG,AA,CC,GG,GG,AG,AA,TT,TT,AA,GG,GG,AA,CC,TG,CC,GG,TC,AG,GG,CC,TT,TC,TT,TT,AG,GG,GG,TG,TC,GG,GG,GG,GG,AA,TT,CC,GG,CC,CG,TC,TC,CC,AG,TC,CC,AA,AT,AG,TC,GG,AG,TC,TT,AG,TG,TG,CC
zt416,GG,TT,AA,GG,TT,GG,AA,CC,GG,GG,AG,AA,TC,TC,AA,GG,GG,AA,TC,GG,CC,GG,TC,GG,CC,CC,TT,CC,TC,TC,GG,AG,AG,GG,TC,AG,GG,GG,CG,TT,TC,CC,GG,CC,GG,CC,TC,TC,GG,TT,CC,AA,AA,GG,TT,AG,AG,CC,TC,AA,TG,TT,CC
zt417,AG,TT,GG,GG,TT,AG,AG,CC,AG,GG,AG,AA,TC,TC,AA,GG,GG,AA,TC,GG,CC,GG,CC,GG,CC,CC,TG,CC,TT,CC,GG,AG,GG,TT,CC,GG,GG,GG,GG,AA,TC,CC,GG,CC,CC,TT,CC,CC,GG,TT,CC,AG,AT,AA,TC,AG,GG,CC,TC,AG,TG,TT,CC
zt418,AA,TT,AA,GG,GG,GG,AA,CC,GG,AG,AG,AA,CC,TC,AG,AG,GG,AC,TC,TT,TT,AG,TC,GG,CC,TC,TT,TC,TT,CC,GG,GG,GG,TG,TC,GG,GG,GG,CC,TA,CC,CC,AG,CC,CG,CC,CC,CC,AG,TC,CC,AG,AA,AA,CC,AA,AG,TC,CC,GG,GG,TT,TC
zt419,GG,TC,AG,GG,TT,AA,AA,CC,GG,GG,AG,AG,TC,CC,AA,GG,AA,AA,TC,TT,TC,GG,CC,GG,GG,CC,TT,TC,TT,CC,GG,GG,GG,TT,CC,GG,GG,GG,CG,AA,TC,CC,AG,CC,CG,CC,TC,TT,AG,TT,CC,AA,AA,AG,TC,AG,AG,TT,CC,AG,GG,TT,CC
zt421,,TT,GG,GG,GG,GG,,AC,GG,GG,AA,AG,TC,CC,AA,GG,AG,AA,CC,GG,CC,AG,CC,,CG,CC,TT,CC,TC,CC,AA,AG,GG,TG,CC,GG,GG,GG,GG,TA,TC,CC,AG,CC,CC,TC,,TC,GG,TT,TC,AG,AA,AG,TC,AA,GG,CC,TC,GG,TG,TG,CC
zt43,GG,CC,AA,AG,TT,AG,AA,CC,AG,GG,AA,AG,CC,TC,AA,GG,,AA,TC,TG,TC,AG,CC,GG,GG,CC,TG,TC,CC,CC,GG,AG,GG,TT,CC,GG,GG,AG,CG,TT,TC,GC,GG,CC,CC,TC,CC,TC,AG,TT,CC,AA,AA,AA,,AG,AG,CC,CC,GG,TT,TT,CC
zt446,AA,TC,AG,GG,TT,AG,AA,CC,GG,AG,AA,AG,TT,TC,AG,AG,GG,AC,TC,TG,TC,AA,CC,GG,,TC,TG,CC,TC,CC,GG,GG,AG,TG,CC,GG,GG,GG,CG,TA,CC,CC,GG,CG,CC,CC,TC,TC,AG,TC,CC,AG,AA,AA,TT,GG,AG,TC,TC,AG,GG,TT,TC
zt449,AG,TT,GG,GG,GG,GG,AA,CC,AG,GG,AG,AG,TC,TT,AA,GG,AA,AA,CC,GG,CC,GG,CC,GG,GG,CC,GG,TC,TT,CC,AG,AG,GG,GG,CC,GG,GG,GG,GG,TT,CC,CC,AG,CG,GG,TC,TC,TT,GG,TC,CC,AG,AA,AG,TC,GG,AG,CC,CC,AG,TT,TG,TC
zt450,GG,TT,AG,GG,GG,AG,AA,AC,GG,GG,AG,AG,TC,TC,AA,GG,AA,AA,TC,GG,CC,GG,TC,GG,CC,CC,TG,TC,TC,CC,AA,AG,GG,TT,TC,GG,AG,GG,GG,TA,TC,CC,AG,CC,CG,TC,TC,TC,GG,TT,CC,AG,AA,GG,TT,AA,AG,,TC,AG,TG,TT,CC
zt451,AG,TC,GG,AG,TT,GG,AA,CC,AG,GG,AA,AG,TT,TC,AA,GG,GG,AA,TC,GG,CC,GG,TC,AG,CC,CC,TT,TC,TT,TC,GG,GG,GG,GG,TC,GG,GG,AG,GG,TA,TC,GC,AA,CC,CG,TC,CC,TC,GG,TT,CC,GG,AA,AA,TC,AA,AG,TC,CC,GG,GG,TT,CC
zt452,AG,TT,GG,AG,GG,GG,AA,CC,AG,GG,AG,AG,TC,TC,AA,GG,AA,AA,TT,GG,CC,GG,TC,GG,GG,CC,TT,CC,TT,CC,AG,GG,GG,TT,CC,GG,AG,AG,GG,TT,CC,GC,GG,CC,CG,TC,TC,TC,AG,TT,CC,GG,AT,AA,TT,AG,AG,TT,CC,AA,TT,TT,TT
zt454,GG,TT,AG,GG,GG,AG,AA,CC,GG,GG,AG,GG,TC,TC,AA,GG,AG,AC,CC,TG,TC,GG,TC,GG,CC,CC,TT,TC,TT,CC,GG,AG,GG,TG,CC,GG,GG,GG,CG,TA,TC,CC,AG,CG,CC,TC,CC,TC,AG,TT,CC,AG,AT,AA,TC,AG,AG,CC,TC,AG,TT,TT,CC
zt455,AA,TC,GG,AG,TT,GG,AA,CC,AG,AG,GG,AG,TT,CC,AG,AG,GG,AC,CC,GG,CC,GG,CC,AG,CC,TC,TT,TT,TC,TC,AG,AG,GG,TT,CC,GG,GG,AG,GG,TT,TC,GC,GG,CC,GG,CC,CC,TC,GG,TC,CC,AA,AT,AA,CC,GG,AA,TC,CC,GG,TT,TT,CC
zt456,AA,TC,AG,AG,TT,GG,AA,AC,GG,GG,AG,AG,TT,TT,AA,GG,AG,AA,TC,TG,TC,GG,CC,GG,CC,CC,TT,TT,TT,CC,GG,AA,GG,TG,TC,AG,GG,AG,CG,TT,CC,GC,AG,CC,CC,TC,TC,CC,GG,TT,TC,GG,AT,AA,TC,AA,AA,CC,CC,GG,TT,TT,CC
zt457,AA,TT,GG,GG,TT,GG,AA,CC,GG,GG,AG,AA,TC,TC,AA,GG,AG,AA,TC,TG,CC,AG,TC,GG,GG,CC,TT,CC,TC,CC,GG,GG,AG,TT,CC,GG,GG,GG,GG,TT,TC,CC,AG,CC,CG,TC,TC,CC,AG,CC,CC,AG,AT,AG,TC,AG,AG,CC,CC,GG,TT,TT,CC
zt458,AG,TT,GG,AG,TT,GG,AA,CC,AG,GG,GG,AA,CC,TT,AA,GG,GG,AA,CC,TG,TC,GG,CC,GG,CC,CC,TG,CC,TT,CC,GG,,GG,GG,CC,AG,GG,AG,CG,TT,TT,GC,AA,CG,GG,TC,,CC,AA,TT,CC,AG,AT,AA,CC,AA,AA,TC,CC,GG,TT,TG,CC
zt459,GG,TT,AA,AG,TT,GG,AA,CC,GG,AG,AA,AG,TC,CC,AG,AG,AG,AC,CC,TG,TC,AG,CC,AG,CC,TC,TG,TT,TC,CC,GG,GG,GG,GG,CC,AG,GG,AG,CC,AA,CC,GC,GG,CC,GG,TC,TC,CC,GG,TT,CC,AA,AA,AG,CC,AG,GG,CC,CC,AG,TT,TT,CC
zt460,AG,TC,AG,AG,,GG,AA,CC,GG,GG,AG,AG,TT,TT,AG,AG,AG,AC,TC,GG,CC,AG,CC,AG,CC,TC,TT,TC,TT,TC,AG,AG,AG,TG,CC,GG,AG,AG,GG,TT,TT,GG,GG,CG,GG,TC,TT,TC,GG,TC,TC,AG,AT,AG,CC,AA,AG,TC,CC,GG,TG,GG,CC
zt462,AG,TT,GG,AG,GG,GG,AA,AC,GG,GG,AG,AG,TT,TT,AA,GG,GG,AA,CC,GG,CC,AG,TC,GG,CC,CC,GG,CC,TT,CC,GG,GG,AG,TT,CC,AG,GG,AG,GG,TT,TC,GC,GG,CG,GG,CC,CC,TC,GG,TT,TC,AG,TT,AA,TC,AA,AG,TT,CC,AG,TT,TT,CC
zt463,AA,TC,AG,GG,TT,AG,AG,CC,GG,GG,AA,AG,TC,TC,AA,GG,GG,AA,CC,TG,TC,GG,TC,AG,CC,CC,TG,TC,TT,TC,GG,GG,GG,GG,CC,AG,GG,GG,CG,TA,TC,CC,AA,CC,CG,TC,TT,CC,GG,TC,CC,AG,AT,AA,TC,AG,GG,TT,CC,GG,TT,TG,CC
zt465,GG,TT,AG,AG,TT,AG,AA,CC,GG,GG,GG,GG,TC,TC,AA,GG,AG,AA,TC,TG,CC,AG,CC,GG,GG,CC,TG,TT,TT,CC,AG,AG,GG,TT,CC,GG,AG,AG,GG,TT,TC,GC,,CG,CG,TC,TC,CC,AA,TT,CC,AG,AT,AG,TC,AG,GG,CC,CC,AG,TT,TT,TC
zt466,AA,TT,AG,GG,TT,GG,AA,CC,GG,GG,AA,AG,TC,TT,AA,GG,AG,AA,TC,TG,TC,GG,TT,GG,CC,CC,TG,TC,TC,CC,AG,AG,GG,TT,CC,GG,AG,GG,CG,TT,CC,CC,GG,CC,GG,CC,CC,TC,AA,TT,TC,AG,AT,AA,CC,AG,GG,TC,TT,AG,GG,GG,CC
zt468,AA,TT,AG,GG,TT,AG,AA,CC,GG,AG,AG,AG,CC,TC,GG,AA,AA,CC,CC,TG,TC,GG,CC,GG,CG,TT,TG,TT,TC,CC,AG,AG,GG,TG,CC,GG,GG,GG,CC,TT,CC,CC,AG,CC,CC,TC,TC,TC,AG,TT,CC,AG,AA,AA,TC,GG,AA,CC,CC,GG,TG,TG,CC
zt469,AG,TC,GG,GG,TT,AG,AA,CC,GG,AG,AA,AA,TC,TC,AG,AG,GG,CC,TC,GG,CC,AG,CC,GG,,TC,TG,TC,TT,CC,GG,,AG,GG,CC,GG,GG,GG,GG,AA,CC,CC,AA,CC,GG,TC,,TC,AG,TC,TC,GG,AA,AA,TC,AG,GG,TC,TT,GG,GG,TT,TC
zt471,AG,TT,AG,AG,TT,GG,AA,CC,AG,GG,AG,AG,TT,TT,AA,GG,AG,AA,TC,TG,CC,GG,CC,GG,,CC,TT,CC,TT,TC,GG,AG,GG,TG,CC,AG,GG,AG,GG,TA,TC,GC,GG,CC,CG,TT,TC,TC,GG,TC,TC,GG,AT,AG,TT,GG,AG,TT,CC,GG,GG,TG,CC
zt472,GG,TT,AG,AG,TT,AG,AA,CC,AA,GG,AG,AA,TT,TC,AA,GG,AG,AA,CC,GG,CC,GG,CC,GG,,CC,TG,TC,TT,CC,AG,GG,AA,GG,CC,GG,GG,AG,GG,TA,TT,GC,GG,CG,CC,CC,TC,CC,AG,CC,TC,AA,AT,AG,TC,,GG,TC,TC,GG,TG,TT,TC
zt475,GG,TT,AA,AG,GG,AA,GG,CC,GG,GG,GG,AA,TC,TT,AA,GG,AA,AA,TC,GG,CC,GG,CC,GG,GG,CC,GG,CC,CC,CC,AG,AG,GG,TT,CC,AG,AG,AG,CG,TT,TC,GC,AG,CC,CC,CC,TC,CC,GG,TC,CC,AG,TT,AG,TC,AA,AG,TC,CC,AG,TG,TG,CC
zt476,GG,TT,AG,GG,GG,AG,GG,CC,GG,GG,AA,AA,TC,TC,AA,GG,AA,AA,TC,TG,TC,GG,CC,GG,CG,CC,TG,CC,CC,CC,AG,,AG,TT,CC,GG,AG,GG,CG,TT,CC,CC,AG,CC,CG,TC,TC,CC,AG,TC,,AG,AT,GG,TC,AA,AG,CC,TC,AG,TG,TG,CC
zt478,GG,TC,AA,AG,TT,AG,AA,CC,GG,AG,AA,GG,TC,TT,AG,AG,AA,AC,TC,TT,TT,AG,CC,AG,CC,TC,TG,TT,TT,TC,AG,AG,GG,TG,TC,GG,GG,AG,CC,TT,TT,GC,,CC,GG,CC,TC,CC,GG,TT,,AA,TT,AG,TC,AA,AA,TC,CC,GG,TT,TG,CC
zt479,AG,TC,AG,AA,GG,AG,AA,CC,AA,GG,AG,AG,TT,TT,AA,GG,GG,AA,CC,TG,TC,GG,TC,GG,CC,CC,TT,CC,TT,CC,GG,GG,AG,TG,CC,AG,GG,AA,CG,TT,TC,GG,GG,CC,CC,TC,TC,TC,AG,TC,CC,GG,AA,GG,CC,AG,AG,CC,CC,GG,TT,TG,CC
zt480,AG,TT,AG,GG,GG,,AG,AC,GG,GG,AG,AA,TT,TC,AA,GG,AA,AA,CC,GG,CC,AG,CC,GG,CG,CC,TG,TT,TT,CC,GG,,AG,TG,CC,GG,GG,GG,GG,TT,CC,GC,GG,CG,CG,CC,,TC,GG,TT,TC,AA,AA,GG,TC,AG,AA,TC,CC,GG,GG,TT,CC
zt482,GG,TT,AG,AG,GG,AG,AA,CC,GG,GG,AG,AG,TC,TC,AA,GG,GG,AA,TT,GG,CC,GG,TC,GG,,,TG,CC,TT,CC,GG,AA,GG,TG,CC,GG,GG,AG,GG,TA,TC,GG,AG,CG,GG,CC,,CC,GG,TT,TC,AA,AT,AA,CC,AA,GG,CC,CC,GG,TT,TG,CC
zt484,AG,TT,GG,GG,TT,,AA,CC,AG,GG,GG,GG,TT,TC,AA,GG,GG,AA,CC,GG,CC,AG,CC,GG,CG,CC,TG,TC,TC,CC,GG,AG,AG,GG,CC,AG,GG,GG,GG,TT,TC,GC,AG,CG,GG,TT,TC,CC,GG,TC,,AG,AT,AG,TC,AA,GG,CC,TC,GG,GG,TT,CC
zt486,,TT,,GG,GG,AA,,AC,GG,,AG,AA,TC,TT,AA,GG,,AC,CC,GG,CC,GG,CC,,CG,,TT,TC,TT,CC,GG,GG,GG,TG,CC,GG,GG,GG,GG,AA,TC,CC,AA,CC,CG,TC,TC,,AA,TC,,AA,,AG,TC,,GG,TT,CC,GG,TT,TG,TC
zt492,,,,GG,TG,,,,GG,,,,,CC,AA,GG,,,,GG,,GG,CC,,CC,TC,TG,CC,CC,,,GG,GG,GG,,GG,GG,GG,GG,AA,,CC,,CC,CC,CC,,TC,,,,AG,,GG,,,,,CC,GG,GG,TT,CC
zt5,GG,TC,AG,GG,GG,GG,AA,,GG,GG,AG,AA,TC,TT,AA,GG,GG,AA,TC,GG,CC,AG,CC,GG,CC,CC,TT,CC,TC,CC,AG,,GG,TG,TC,GG,GG,GG,CG,TT,CC,CC,GG,CC,,TC,,TC,AG,,CC,AA,TT,AG,TC,GG,GG,CC,CC,GG,TG,TT,CC
zt6,GG,TT,GG,GG,TT,AG,AA,CC,GG,GG,AA,AG,CC,TT,AA,GG,GG,AA,TC,TG,CC,GG,CC,AG,CC,CC,TG,CC,TT,,AG,AG,GG,GG,TC,GG,AG,GG,CG,TA,TC,CC,AG,CC,CG,CC,TC,CC,GG,TT,CC,GG,TT,GG,TC,AG,GG,TC,CC,GG,TT,TT,CC
zt600,GG,TT,GG,GG,GG,AG,AA,CC,GG,AG,AA,AG,CC,TT,AG,AG,AA,AC,TC,GG,CC,GG,CC,GG,CC,TC,TT,TC,TT,CC,GG,AA,GG,TT,TC,AG,GG,GG,GG,TT,CC,CC,AA,CC,CC,TC,TC,TC,GG,TC,CC,AG,AT,AG,TC,AA,AG,CC,TC,GG,TG,TT,CC
zt601,AG,TC,AA,GG,TT,AG,AG,CC,GG,AG,AG,AA,CC,CC,AG,AG,AG,AC,TT,TT,TT,GG,CC,GG,CG,TC,TT,TT,TT,CC,AG,,GG,TT,CC,GG,GG,GG,CC,TT,CC,CC,GG,CG,CC,TC,TC,TC,AG,TT,,AG,AA,AG,CC,AA,AG,TC,TC,GG,TG,TT,TC
zt602,GG,TT,GG,GG,TT,AG,,CC,AG,GG,,AA,CC,TC,AA,GG,AG,AA,TC,GG,CC,AG,CC,GG,CG,CC,TT,TC,TT,CC,GG,GG,AG,TT,TC,AA,GG,GG,GG,AA,CC,CC,AG,CC,CC,CC,TC,TT,AA,TT,,AA,AT,AG,TC,,GG,CC,TC,GG,TT,TT,CC
zt603,AG,TC,AG,AG,TT,AG,AG,AC,AG,GG,AA,AG,TC,TT,AG,AG,GG,AC,TC,GG,CC,AG,CC,AG,CC,TC,TT,CC,TT,CC,GG,AG,AA,TT,TC,AG,GG,AG,GG,TT,TC,GC,AG,CC,CC,CC,TC,TC,GG,TC,,AA,AA,AG,CC,AA,AA,,TC,GG,TG,TT,CC
zt604,AG,TT,AG,GG,TT,AG,AA,CC,AG,AG,AA,AA,TT,TT,AG,AG,AG,CC,TC,TG,TC,AG,CC,GG,CC,TC,TG,CC,TT,CC,AG,GG,AG,GG,CC,GG,GG,GG,CG,TA,CC,CC,GG,CG,CG,CC,TC,TC,AG,TC,TC,GG,AA,AG,CC,AA,AG,CC,CC,GG,TG,TT,CC
zt605,AA,TT,AG,GG,GG,GG,AA,AC,GG,GG,AA,AA,TT,TC,AA,GG,AG,AA,CC,TT,TT,GG,CC,AA,CC,CC,TT,TC,TT,TT,GG,GG,GG,TG,CC,AG,GG,GG,CC,TT,TT,CC,GG,CC,CG,CC,,TC,GG,TT,CC,AA,AA,AG,CC,GG,GG,TC,CC,GG,TG,TT,CC
zt606,,TT,GG,GG,GG,AG,AG,AC,GG,GG,AG,AG,TT,TT,AA,GG,AG,AA,CC,GG,CC,AG,TC,GG,CC,CC,TT,TC,CC,CC,GG,,AG,GG,TC,AG,GG,GG,GG,TT,CC,CC,AG,CC,GG,CC,TC,TC,GG,TC,,AA,AA,GG,TC,AA,AG,TT,TC,AG,TT,TG,CC
zt607,AG,CC,GG,GG,TT,AG,GG,CC,AG,AG,AA,AG,TT,TC,AG,AG,AG,AC,TC,GG,CC,AG,CC,GG,CG,TC,TG,CC,TC,CC,GG,GG,GG,TT,CC,GG,GG,GG,GG,AA,CC,CC,AA,CC,CG,CC,TC,CC,AG,TT,,GG,AT,AA,CC,AG,AG,CC,TC,GG,TT,TT,CC
zt608,GG,TT,GG,AG,TT,,AA,CC,AA,GG,GG,AA,TT,TC,AA,GG,AA,AC,CC,TG,CC,AG,TC,GG,CC,CC,TT,CC,TT,CC,AG,GG,AG,TT,CC,GG,AG,AG,GG,AA,CC,GG,GG,CG,CG,TC,,TC,GG,TT,TC,AG,AT,AG,TC,GG,GG,TC,TC,AG,TG,TT,TC
zt609,AA,TT,GG,AG,GG,AG,AA,AC,GG,GG,AG,AG,TC,TT,AA,GG,GG,AA,TC,GG,CC,GG,CC,GG,CC,CC,TT,CC,TC,CC,AG,GG,GG,GG,TC,GG,GG,AG,GG,TT,CC,GC,GG,CG,GG,TC,TC,TC,GG,TT,,AG,AT,AA,CC,AG,AG,CC,TC,AG,TT,TT,CC
zt610,AG,TT,AG,AA,TT,AG,AA,CC,AG,GG,GG,AG,TT,TC,AG,AG,AG,AC,CC,GG,CC,AG,CC,AG,CG,TC,TT,CC,TT,TC,AA,GG,AG,TG,CC,AG,AA,AA,GG,TT,TT,GG,GG,CG,CC,TC,TT,TC,GG,TT,,AG,AA,GG,TC,AG,GG,TT,CC,GG,TT,TT,TC
zt614,GG,TT,AG,GG,TT,AG,AA,AC,AG,AG,AA,AA,CC,TC,AG,AG,GG,AC,CC,TG,TT,GG,CC,GG,,TC,TG,TT,TC,CC,GG,GG,GG,TT,CC,GG,GG,GG,CG,TA,TT,CC,AG,CC,CG,TC,TC,TT,GG,TT,CC,AG,AA,AA,CC,AG,AG,CC,CC,AG,TG,TG,TC
zt623,AA,TT,AG,GG,GG,AG,AA,CC,GG,AG,AG,AA,TC,TC,AG,AG,AA,AC,CC,TG,TC,AA,CC,GG,CG,TC,TT,CC,TT,CC,GG,GG,GG,TG,CC,GG,GG,GG,CG,TT,TC,CC,AG,CG,CC,TT,TC,TC,GG,TT,TC,AG,AA,AA,CC,AA,GG,CC,TC,GG,TT,TT,CC
zt625,GG,TT,GG,AG,TT,,AA,,AG,GG,AA,AG,TC,TC,AA,GG,AG,AA,CC,GG,CC,AA,CC,GG,CC,,TT,CC,TT,CC,GG,GG,AG,GG,CC,GG,GG,AG,GG,TA,CC,GC,AG,CC,CG,TC,TT,TC,AG,TC,,GG,AT,AG,TC,AA,AG,TT,CC,GG,TG,TG,CC
zt627,GG,TC,GG,GG,GG,,AA,AC,GG,GG,AA,AG,TT,TC,AA,GG,AA,AA,CC,GG,CC,GG,CC,GG,CG,CC,TT,CC,TC,CC,AG,GG,GG,TT,CC,GG,AG,GG,GG,TA,CC,CC,GG,CG,GG,TC,TT,TC,GG,CC,,AA,AT,AA,TC,AG,AA,TT,CC,GG,TG,TT,TC
zt629,GG,TT,GG,GG,TT,AG,GG,CC,GG,GG,AG,AA,TC,TC,AA,GG,AA,AA,CC,GG,CC,GG,CC,GG,CC,CC,TG,CC,TC,CC,GG,AG,GG,TT,CC,GG,GG,GG,GG,TA,CC,CC,AG,CG,GG,TC,TC,TT,GG,TT,,AA,AA,AA,CC,AA,AA,CC,CC,AG,TG,TT,CC
zt630,,TC,AA,GG,TT,AG,AG,CC,AA,GG,GG,AA,CC,TC,AA,GG,GG,AA,CC,TT,TT,GG,CC,GG,,CC,TT,TC,TC,CC,GG,GG,GG,TG,CC,GG,GG,GG,CC,TT,TC,CC,AG,CG,CG,TC,CC,TC,AG,CC,CC,GG,AA,AG,CC,GG,AG,,CC,GG,TG,TT,CC
zt631,GG,TT,GG,GG,GG,AG,AA,CC,GG,GG,AA,AA,TC,TC,AA,GG,AA,AA,CC,GG,CC,GG,CC,GG,CG,CC,TT,TT,TT,CC,AG,GG,AG,TG,CC,GG,GG,GG,GG,AA,CC,CC,GG,CC,CG,TC,TC,CC,GG,TC,,GG,AT,GG,TC,AG,AG,,TC,AG,TG,TT,TT
zt632,AG,TC,GG,GG,TT,AG,AA,CC,GG,GG,AA,GG,TC,TT,AA,GG,GG,AC,CC,TG,CC,AG,,GG,CG,CC,TG,TC,TT,CC,GG,GG,AG,GG,TC,AG,GG,GG,GG,AA,TC,CC,AG,CC,CG,TC,TC,CC,GG,CC,CC,AA,AT,AG,TC,AG,AG,TC,TC,AG,TG,TT,TT
zt633,AA,,GG,GG,GG,AA,AA,AC,,GG,AA,,TC,,AA,GG,GG,AA,CC,GG,CC,GG,CC,,CC,TC,TG,,TT,CC,AG,GG,GG,GG,CC,GG,,GG,GG,AA,CC,CC,,CC,CG,CC,TT,CC,AA,TC,TT,AA,,,TC,AG,AG,TC,CC,GG,GG,TT,CC
zt634,,TT,AG,GG,TG,AA,AA,AC,GG,GG,,AA,TC,TT,AA,GG,GG,,CC,GG,CC,GG,TC,,CC,TC,TG,CC,TC,CC,GG,GG,AG,TT,CC,GG,,GG,CG,TT,CC,CC,GG,CC,CG,TC,,TC,AG,TT,TT,,,AG,CC,,AG,TT,CC,AG,,GG,CC
zt636,,TC,GG,GG,TG,AA,,AC,GG,GG,GG,AG,TC,TC,AA,GG,AA,AA,CC,GG,CC,GG,,AG,CC,,TT,TC,TC,CC,GG,,GG,TT,CC,AG,GG,GG,GG,TT,TC,CC,GG,CC,GG,TT,TT,TC,,TC,,GG,,AG,TC,AG,GG,TT,CC,GG,,TT,TC
zt637,,TC,GG,GG,,AG,,,GG,GG,GG,,CC,TT,AA,GG,,AA,CC,GG,CC,GG,,GG,CC,,TG,TC,CC,CC,GG,GG,GG,TG,CC,AG,GG,GG,CG,TT,TT,CC,GG,CC,CG,TT,,TC,AA,TC,TC,AG,,AA,CC,AG,GG,TC,CC,GG,,TT,TC
zt638,GG,TT,GG,GG,TT,,AG,,AG,AG,AG,AA,TC,TC,AG,AG,,AC,TC,GG,CC,GG,TC,AG,CC,TC,TT,TC,TT,CC,GG,,GG,GG,CC,AG,GG,GG,GG,TA,CC,CC,GG,CC,GG,TC,,TC,GG,TT,TC,AG,AA,AG,TT,AA,AG,TC,TC,AG,TT,TT,CC
zt639,,TT,AA,GG,TG,,GG,AC,GG,GG,GG,AG,TC,CC,AA,GG,AA,AA,TT,TT,TT,AG,CC,GG,CC,,,TC,TT,CC,GG,GG,,TG,CC,GG,GG,GG,CC,TA,TC,CC,GG,CC,CC,CC,,,,,TT,AA,,AG,TT,AG,,TC,TC,GG,TG,GG,CC
zt640,AG,TT,GG,GG,TT,,AA,AC,AG,GG,,AG,CC,TT,AA,GG,GG,AA,CC,GG,CC,GG,TT,GG,CC,CC,,TC,TT,CC,AG,GG,GG,TG,TC,GG,AG,GG,GG,TT,CC,CC,AG,CC,CG,CC,TC,TC,GG,TT,,GG,AA,AA,TC,,,TC,TC,GG,TT,TT,TC
zt641,AA,CC,AG,GG,TT,AG,AA,CC,AG,GG,GG,AG,TC,TT,AA,GG,GG,AA,CC,TG,CC,GG,CC,GG,,CC,TT,CC,TC,CC,AG,GG,GG,TG,CC,GG,AG,GG,CG,TT,TC,CC,GG,CC,GG,CC,TC,TC,AG,TT,,AA,AT,AA,TC,AA,GG,,CC,AA,TG,TT,TC
zt642,AA,TT,GG,GG,TT,AG,AA,CC,AG,GG,AA,AG,TC,TC,AA,GG,GG,AA,CC,GG,CC,AG,TC,AA,CG,CC,TG,TC,TT,TC,GG,GG,AG,TG,TC,GG,GG,GG,GG,TT,CC,CC,AG,CC,CC,TT,,TC,GG,TC,CC,AG,AA,AG,TT,AG,AG,TT,TC,AG,TT,TT,CC
zt643,GG,TC,AG,GG,TT,AG,AA,CC,AG,AG,AA,AA,TC,TT,AG,AG,GG,CC,CC,TG,TC,GG,CC,GG,CC,TC,TT,CC,TT,CC,GG,GG,AG,GG,CC,GG,GG,GG,CG,TT,CC,CC,GG,CC,GG,TC,TT,CC,GG,TT,CC,AA,TT,AG,CC,,GG,CC,TC,GG,TG,TT,TC
zt646,,TT,AG,AG,TT,AG,,CC,GG,AG,AA,AG,TC,CC,AG,AG,GG,AC,TC,TG,,AG,CC,GG,CC,TC,,TC,TT,CC,GG,GG,GG,TG,TC,GG,GG,AG,CG,TT,CC,GC,AG,CC,CG,CC,TC,TC,AG,TC,,AA,,AG,TC,AG,AG,CC,CC,AG,TT,TT,CC
zt650,AG,TT,GG,GG,TT,,AA,CC,GG,GG,GG,AA,TT,TC,AA,GG,AA,AA,CC,GG,CC,AA,CC,GG,CC,CC,TT,CC,TC,CC,GG,GG,,TG,CC,AG,GG,GG,GG,TT,TC,,,CC,CG,TC,TT,TT,AA,TC,TC,AG,AA,AG,CC,AA,AA,CC,TC,GG,TG,TT,TC
zt651,AA,TT,GG,GG,TG,AG,AA,,AG,GG,AG,AA,TT,TC,AA,GG,,AA,TC,GG,CC,GG,CC,GG,,,TG,TC,TT,CC,GG,GG,AG,TG,CC,GG,GG,GG,GG,TT,TC,CC,GG,CG,,TC,TT,TT,AG,TT,TC,,AT,AA,CC,GG,GG,TT,CC,GG,TG,TT,CC
zt653,,CC,GG,GG,TT,,AA,,GG,GG,AG,AA,TT,TC,AA,GG,AA,AA,TC,GG,CC,AG,CC,GG,CC,,TG,TC,TT,CC,AG,GG,AG,TG,TC,AA,,GG,GG,TT,TC,CC,AG,CC,CC,CC,,TT,GG,TT,TC,AA,AT,AA,TT,AG,,CC,CC,GG,TT,TG,TC
zt657,GG,CC,GG,GG,GG,AG,AA,CC,GG,GG,GG,AG,TC,TC,AA,GG,AG,AA,CC,GG,CC,GG,CC,GG,CC,CC,TT,TT,CC,CC,AG,AG,AG,TG,CC,GG,GG,GG,GG,TA,TC,CC,AA,CC,CC,CC,,TC,GG,TT,TC,GG,AA,AA,TC,,GG,TC,CC,GG,TG,TT,CC
zt660,AG,CC,AG,GG,TT,AG,AA,AC,GG,GG,GG,AG,TC,TC,AA,GG,GG,AA,TC,TG,CC,GG,CC,GG,CC,,TT,CC,TT,CC,GG,GG,GG,TG,CC,GG,GG,GG,CG,TT,CC,CC,GG,CC,GG,TC,,CC,AG,TT,TC,AA,AA,AA,TC,,AG,TC,CC,AG,TG,TT,TC
zt661,,TT,GG,GG,GG,AG,AA,AC,AG,GG,GG,AA,CC,TC,AA,GG,,,CC,GG,CC,GG,,GG,CC,,TT,CC,TT,CC,GG,GG,GG,GG,CC,AG,GG,GG,GG,TT,CC,CC,AG,CC,CG,CC,TC,TT,,TT,,AA,AA,,,,GG,TT,CC,GG,,,TC
zt671,GG,TT,AG,GG,GG,AG,,CC,GG,AG,,AA,TC,TT,AG,AG,AA,AC,TT,TG,TC,AG,CC,AG,CG,TC,TT,TC,TC,TC,AG,,GG,TG,TT,GG,AG,GG,CG,TT,TC,CC,AG,CC,CC,TC,TC,CC,GG,,,AG,AA,AG,TC,GG,AG,TC,TC,GG,TT,TT,CC
zt672,GG,TT,GG,GG,GG,AG,AA,CC,GG,GG,AA,AA,,TC,AA,GG,AG,AC,TC,GG,CC,GG,CC,GG,CC,,,TC,TT,CC,AG,GG,AG,TG,TC,GG,AG,GG,GG,TT,CC,CC,AG,CC,CG,CC,,TT,GG,TC,TC,AG,AT,AG,TC,GG,AA,,TT,AG,,GG,CC
zt675,GG,TT,AG,GG,GG,AG,AA,CC,AG,GG,AA,AG,TT,TC,AA,GG,GG,CC,CC,GG,CC,AG,CC,GG,CC,CC,TT,CC,TT,CC,AG,GG,AG,TG,CC,GG,AG,GG,GG,TA,CC,CC,AG,CC,CG,CC,TC,TC,AG,,TC,AG,AA,AG,TC,AA,GG,TT,CC,AA,TT,TT,TT
zt676,AA,TC,AG,GG,TT,AA,AA,CC,AG,GG,AA,AG,TC,TC,AA,GG,AA,AA,TC,TG,TC,GG,TC,AG,CC,CC,TG,TT,TT,TC,GG,GG,GG,GG,TC,GG,GG,GG,CC,TT,CC,CC,AG,CG,CG,CC,,TC,AG,,TC,AA,AT,AA,CC,AA,AG,CC,TC,GG,TG,TT,CC
zt677,AG,TT,AG,GG,GG,,AA,CC,GG,GG,AG,AG,TT,CC,AA,GG,AG,AA,TC,TG,TC,AG,,GG,CC,CC,TT,TC,TT,CC,GG,AG,AG,GG,CC,GG,GG,GG,CG,TT,TC,CC,AG,CC,GG,TT,TC,TC,AG,TC,CC,GG,AA,AG,CC,AA,AG,TC,CC,GG,TT,GG,CC
zt678,AA,TT,AG,GG,TT,AA,AA,,GG,AG,AG,AA,TC,CC,AG,,AG,AC,TC,TG,TC,AG,TC,GG,CC,TC,TT,CC,TT,,AG,AG,AG,TT,CC,GG,AG,GG,CG,AA,TC,CC,AG,CC,,TC,TT,CC,AG,CC,TC,AG,AT,AA,CC,GG,AG,TC,TC,GG,TG,TT,CC
zt679,,TC,AG,GG,TG,AA,GG,AC,GG,GG,AA,AG,TT,TT,AA,GG,,AA,CC,GG,CC,AG,,GG,CC,,TG,TT,TT,CC,GG,GG,AG,GG,CC,AG,,GG,GG,,TT,CC,,,CC,,TT,TT,AG,TT,TT,,AT,AG,CC,GG,AG,CC,CC,GG,TG,GG,CC
zt690,AA,TT,AG,GG,TT,,AA,AC,AG,GG,AA,AA,TT,TC,AA,GG,AA,AA,CC,GG,CC,GG,CC,GG,CC,CC,TG,CC,TC,CC,GG,GG,GG,TG,CC,GG,GG,GG,CG,TA,CC,CC,GG,CG,GG,TC,TC,TT,AG,TC,CC,AA,TT,GG,TC,AA,AG,TC,CC,GG,TT,TT,TC
zt691,,TC,GG,GG,GG,,AG,CC,AA,AG,AG,AA,CC,TC,AG,AG,GG,AC,CC,GG,CC,AG,CC,GG,CC,TC,,TC,TT,CC,GG,GG,,GG,CC,GG,GG,GG,GG,AA,TC,CC,GG,CC,CG,CC,TT,CC,AG,CC,TC,AA,AT,AG,TC,GG,GG,CC,TC,GG,GG,TT,CC
zt692,AA,TT,AG,AG,GG,AG,AA,CC,AG,GG,AA,AA,TC,TC,AA,GG,GG,AA,TT,TG,CC,GG,TC,AG,CG,CC,TT,TC,TT,CC,AG,GG,AG,GG,CC,GG,AG,AG,CG,TA,TC,GC,,CC,CG,TC,TC,TC,GG,TT,,AA,AT,AG,CC,AG,AG,,CC,AG,TG,TT,CC
zt693,GG,TC,AG,GG,TT,AA,AA,AC,AG,AG,,AG,TT,TC,AG,,GG,AC,TC,TG,CC,GG,TC,GG,CC,,TT,CC,TC,CC,AG,GG,AG,TG,CC,GG,AG,GG,GG,TA,TC,CC,GG,CC,CC,TC,TT,TT,AA,TT,,,AT,AA,CC,GG,GG,CC,TC,AG,TT,TT,TC
zt694,AG,TT,AA,GG,GG,GG,AA,CC,GG,GG,AA,GG,TT,CC,AA,GG,AA,AA,TC,TG,CC,GG,CC,AG,,CC,TT,CC,TT,CC,GG,GG,GG,TG,TT,GG,GG,GG,CG,TT,TT,GC,GG,CG,CG,TC,TC,TC,AG,TT,CC,AA,AT,AG,CC,AG,AG,CC,TC,GG,TG,TG,TC
zt695,GG,TT,AA,GG,TT,AG,AA,CC,GG,GG,AG,AG,TT,TC,AA,GG,AG,AA,CC,GG,CC,GG,CC,GG,CG,CC,TT,CC,TC,CC,GG,GG,GG,TG,CC,GG,GG,GG,CG,TA,CC,GC,GG,CG,CG,CC,TC,TC,GG,TT,,GG,AA,AG,TC,AG,AG,TC,TC,AG,TT,TT,TC
zt697,AG,TT,AG,GG,TT,AG,AG,AC,GG,GG,AA,AG,CC,TC,AA,GG,GG,AA,TT,GG,CC,GG,TC,AG,GG,CC,TT,TC,TC,TC,AG,GG,GG,TG,CC,GG,GG,GG,GG,AA,CC,CC,AG,CC,CG,TC,CC,CC,AG,TC,TC,AG,AA,GG,TT,AA,AG,TC,CC,GG,TG,TT,CC
zt698,GG,TC,GG,GG,GG,GG,AA,CC,GG,GG,AA,AA,TC,CC,AA,GG,GG,AA,CC,TG,CC,GG,TC,GG,CC,CC,TT,TC,TC,CC,AA,GG,GG,GG,TC,GG,AA,GG,GG,TT,TC,CC,GG,CC,GG,CC,CC,TC,AG,TC,CC,GG,AA,AA,TC,AG,AG,CC,CC,GG,TT,TT,CC
zt699,GG,TT,AA,AG,GG,AG,AA,CC,GG,AG,AA,GG,CC,TC,AG,AG,AG,AC,CC,TG,TC,GG,CC,GG,CC,TC,TT,CC,TT,CC,AA,GG,GG,TG,CC,GG,AA,AG,CG,TA,TC,GC,,CG,GG,TC,TC,TC,GG,TC,TC,GG,AA,AA,TT,AA,AG,TT,CC,AA,TG,TT,TC
zt7,AA,TT,AG,GG,GG,AG,AG,CC,AA,GG,AA,GG,TC,TT,AA,GG,AA,AA,CC,TG,CC,AG,CC,AG,CC,CC,TG,TT,TC,TC,GG,GG,AG,GG,TC,GG,GG,GG,CG,TA,CC,GC,AG,CC,GG,TC,TT,TC,AG,TT,CC,GG,AT,AA,TC,AG,AG,CC,TC,GG,TT,TT,TC
zt700,GG,TT,AG,GG,TT,,AG,CC,GG,GG,AA,AG,TT,TC,AA,GG,AG,AA,TC,TG,CC,GG,CC,GG,CC,CC,TT,TT,TC,CC,GG,GG,GG,GG,CC,AG,GG,GG,CG,TT,CC,CC,AA,CG,CG,CC,TC,TC,AG,TC,,AG,AA,AG,TC,AG,AG,TC,CC,GG,TT,TT,CC
zt701,AG,TC,AA,GG,TT,AG,AG,CC,GG,AG,AA,AG,TC,TC,AG,AG,AA,AC,TT,TG,CC,GG,CC,GG,CC,TC,TT,TC,TC,CC,AG,AG,GG,TG,CC,GG,GG,GG,CG,TA,TC,CC,AG,CG,CC,CC,TC,CC,GG,TT,TC,GG,AA,AG,TC,AA,GG,TC,TC,GG,TT,TT,CC
zt702,AG,TT,GG,GG,TT,AG,AA,CC,AG,GG,AG,AG,CC,TC,AA,GG,AA,AA,CC,GG,CC,AG,CC,GG,CG,CC,TT,TC,CC,CC,GG,GG,GG,TG,TT,GG,GG,GG,GG,TT,CC,CC,AA,CC,CG,TC,TC,TT,AG,TC,,AG,AA,AA,TT,AA,GG,,TC,GG,TG,TT,TC
zt703,GG,TT,AG,GG,GG,AG,,CC,GG,GG,AA,AG,TT,TC,AA,GG,AG,AA,CC,TG,TC,AG,CC,AG,CG,CC,TT,TC,TT,TC,AG,GG,AG,GG,TC,GG,AG,GG,CG,TA,CC,CC,AG,CC,CG,TC,TC,TT,GG,TT,,AA,AT,AA,TT,AG,GG,TC,CC,GG,GG,TT,TT
zt704,GG,TT,GG,GG,GG,AG,AG,AC,GG,GG,GG,AG,TT,CC,AA,GG,GG,AA,CC,GG,CC,GG,CC,GG,CG,CC,TT,TC,TT,CC,AG,GG,GG,GG,CC,GG,AG,GG,GG,TT,CC,GC,AA,CC,CG,TC,TC,TC,AG,TC,,AG,AA,GG,CC,GG,GG,TC,CC,AG,TG,TT,TC
zt9,,TT,AG,GG,GG,AG,AA,CC,AG,AG,AG,AA,TC,TT,AG,AG,AG,AC,TC,GG,CC,AG,TC,GG,CC,TC,TT,TC,CC,CC,AG,GG,AA,TG,TC,GG,AG,GG,CC,TA,CC,CC,AG,CC,CG,CC,TC,TC,AG,TT,CC,AA,AT,GG,TT,AG,AG,TT,CC,GG,TT,TT,CC
ztpb10,AA,TT,AG,GG,GG,GG,AA,CC,GG,GG,AG,GG,TC,CC,AA,GG,GG,AA,CC,TG,TC,AG,CC,AG,GG,CC,TT,TC,TC,CC,GG,GG,GG,TT,TC,GG,GG,GG,CG,TT,CC,CC,AG,CC,CG,CC,TT,TT,AG,TC,TC,AG,AA,AA,TC,AA,AG,TT,TT,GG,TT,TT,TT
ztpb13,AA,TC,GG,GG,TT,GG,AA,AC,GG,GG,GG,GG,TC,TT,AA,GG,AG,AA,CC,GG,CC,GG,CC,GG,GG,CC,TT,CC,TC,CC,AG,GG,AG,TG,TC,GG,AG,GG,GG,TA,CC,CC,GG,CC,CG,TC,CC,TC,GG,TT,CC,AA,AA,AG,TC,AG,GG,TC,TC,GG,TG,TT,CC
ztpb150.664,AA,TT,AA,GG,TT,AG,AG,AC,AG,GG,AG,AA,TC,TT,AA,GG,AA,AA,TC,TT,TT,AG,TC,AG,CG,CC,GG,TC,TC,TC,AG,GG,AG,TT,TC,AG,AG,GG,CC,TA,TC,CC,AG,CG,GG,TC,CC,CC,AG,TT,CC,AA,AT,AA,TC,AA,AG,CC,CC,GG,TG,TT,CC
ztpb2,GG,TT,AG,GG,TT,GG,AG,CC,GG,AG,AG,AA,TC,TT,AG,AG,GG,AC,CC,TG,TC,AA,CC,GG,CC,TC,TT,CC,TC,CC,AG,GG,AG,TG,CC,GG,AG,GG,CG,TA,CC,CC,AG,CC,GG,CC,TC,TT,AG,TC,CC,AG,AT,AG,TC,AG,AG,TC,CC,GG,TG,TT,CC
ztpb6,AG,TC,AG,GG,TT,GG,AG,CC,AG,,AA,AG,TC,CC,AA,GG,GG,AA,TC,GG,CC,AG,CC,GG,,CC,TT,TC,TC,CC,GG,AG,AG,TG,CC,AG,GG,GG,,TT,CC,CC,AG,CG,CC,TC,TC,TC,AG,TC,TC,AA,AA,AG,TC,AG,AG,CC,CC,AG,TG,TT,CC